机器	机型	配方	计划批每tick	计划负载	端口上限	存货端口数	取货端口数	进料各端口	出料各端口	逐机逐物品守恒
M000	粉碎机	粉碎-源矿	1	1	3	1	1	C018:源矿=1(仓库出矿口)	C000:源石粉末=1(M137)	通过
M001	粉碎机	粉碎-源矿	1	1	3	1	1	C019:源矿=1(仓库出矿口)	C001:源石粉末=1(M138)	通过
M002	粉碎机	粉碎-源矿	1	1	3	1	1	C020:源矿=1(仓库出矿口)	C002:源石粉末=1(M139)	通过
M003	粉碎机	粉碎-源矿	1	1	3	1	1	C021:源矿=1(仓库出矿口)	C003:源石粉末=1(M140)	通过
M004	粉碎机	粉碎-源矿	1	1	3	1	1	C022:源矿=1(仓库出矿口)	C004:源石粉末=1(M141)	通过
M005	粉碎机	粉碎-源矿	1	1	3	1	1	C023:源矿=1(仓库出矿口)	C005:源石粉末=1(M142)	通过
M006	粉碎机	粉碎-源矿	1	1	3	1	1	C024:源矿=1(仓库出矿口)	C006:源石粉末=1(M143)	通过
M007	粉碎机	粉碎-源矿	1	1	3	1	1	C025:源矿=1(仓库出矿口)	C007:源石粉末=1(M144)	通过
M008	粉碎机	粉碎-源矿	1	1	3	1	1	C026:源矿=1(仓库出矿口)	C008:源石粉末=1(M145)	通过
M009	粉碎机	粉碎-源矿	1	1	3	1	1	C027:源矿=1(仓库出矿口)	C009:源石粉末=1(M145)	通过
M010	粉碎机	粉碎-源矿	1	1	3	1	1	C028:源矿=1(仓库出矿口)	C010:源石粉末=1(M144)	通过
M011	粉碎机	粉碎-源矿	1	1	3	1	1	C029:源矿=1(仓库出矿口)	C011:源石粉末=1(M143)	通过
M012	粉碎机	粉碎-源矿	1	1	3	1	1	C030:源矿=1(仓库出矿口)	C012:源石粉末=1(M142)	通过
M013	粉碎机	粉碎-源矿	1	1	3	1	1	C031:源矿=1(仓库出矿口)	C013:源石粉末=1(M141)	通过
M014	粉碎机	粉碎-源矿	1	1	3	1	1	C032:源矿=1(仓库出矿口)	C014:源石粉末=1(M140)	通过
M015	粉碎机	粉碎-源矿	1	1	3	1	1	C033:源矿=1(仓库出矿口)	C015:源石粉末=1(M139)	通过
M016	粉碎机	粉碎-源矿	1	1	3	1	1	C034:源矿=1(仓库出矿口)	C016:源石粉末=1(M138)	通过
M017	粉碎机	粉碎-源矿	1	1	3	1	1	C035:源矿=1(仓库出矿口)	C017:源石粉末=1(M137)	通过
M018	粉碎机	粉碎-蓝铁块	1	1	3	1	1	C181:蓝铁块=1(M069)	C249:蓝铁粉末=1(M120)	通过
M019	粉碎机	粉碎-蓝铁块	1	1	3	1	1	C182:蓝铁块=1(M070)	C250:蓝铁粉末=1(M121)	通过
M020	粉碎机	粉碎-蓝铁块	1	1	3	1	1	C183:蓝铁块=1(M071)	C251:蓝铁粉末=1(M122)	通过
M021	粉碎机	粉碎-蓝铁块	1	1	3	1	1	C184:蓝铁块=1(M072)	C252:蓝铁粉末=1(M123)	通过
M022	粉碎机	粉碎-蓝铁块	1	1	3	1	1	C185:蓝铁块=1(M073)	C253:蓝铁粉末=1(M124)	通过
M023	粉碎机	粉碎-蓝铁块	1	1	3	1	1	C186:蓝铁块=1(M074)	C254:蓝铁粉末=1(M125)	通过
M024	粉碎机	粉碎-蓝铁块	1	1	3	1	1	C187:蓝铁块=1(M075)	C255:蓝铁粉末=1(M126)	通过
M025	粉碎机	粉碎-蓝铁块	1	1	3	1	1	C188:蓝铁块=1(M076)	C256:蓝铁粉末=1(M127)	通过
M026	粉碎机	粉碎-蓝铁块	1	1	3	1	1	C189:蓝铁块=1(M077)	C257:蓝铁粉末=1(M128)	通过
M027	粉碎机	粉碎-蓝铁块	1	1	3	1	1	C190:蓝铁块=1(M078)	C258:蓝铁粉末=1(M129)	通过
M028	粉碎机	粉碎-蓝铁块	1	1	3	1	1	C191:蓝铁块=1(M079)	C259:蓝铁粉末=1(M130)	通过
M029	粉碎机	粉碎-蓝铁块	1	1	3	1	1	C192:蓝铁块=1(M080)	C260:蓝铁粉末=1(M131)	通过
M030	粉碎机	粉碎-蓝铁块	1	1	3	1	1	C193:蓝铁块=1(M081)	C261:蓝铁粉末=1(M132)	通过
M031	粉碎机	粉碎-蓝铁块	1	1	3	1	1	C194:蓝铁块=1(M082)	C262:蓝铁粉末=1(M133)	通过
M032	粉碎机	粉碎-蓝铁块	1	1	3	1	1	C195:蓝铁块=1(M083)	C263:蓝铁粉末=1(M134)	通过
M033	粉碎机	粉碎-蓝铁块	1	1	3	1	1	C196:蓝铁块=1(M084)	C264:蓝铁粉末=1(M135)	通过
M034	粉碎机	粉碎-蓝铁块	1	1	3	1	1	C197:蓝铁块=1(M085)	C265:蓝铁粉末=1(M136)	通过
M035	粉碎机	粉碎-蓝铁块	1	1	3	1	1	C198:蓝铁块=1(M086)	C266:蓝铁粉末=1(M136)	通过
M036	粉碎机	粉碎-蓝铁块	1	1	3	1	1	C199:蓝铁块=1(M087)	C267:蓝铁粉末=1(M135)	通过
M037	粉碎机	粉碎-蓝铁块	1	1	3	1	1	C200:蓝铁块=1(M088)	C268:蓝铁粉末=1(M134)	通过
M038	粉碎机	粉碎-蓝铁块	1	1	3	1	1	C201:蓝铁块=1(M089)	C269:蓝铁粉末=1(M133)	通过
M039	粉碎机	粉碎-蓝铁块	1	1	3	1	1	C202:蓝铁块=1(M090)	C270:蓝铁粉末=1(M132)	通过
M040	粉碎机	粉碎-蓝铁块	1	1	3	1	1	C203:蓝铁块=1(M091)	C271:蓝铁粉末=1(M131)	通过
M041	粉碎机	粉碎-蓝铁块	1	1	3	1	1	C204:蓝铁块=1(M092)	C272:蓝铁粉末=1(M130)	通过
M042	粉碎机	粉碎-蓝铁块	1	1	3	1	1	C205:蓝铁块=1(M093)	C273:蓝铁粉末=1(M129)	通过
M043	粉碎机	粉碎-蓝铁块	1	1	3	1	1	C206:蓝铁块=1(M094)	C274:蓝铁粉末=1(M128)	通过
M044	粉碎机	粉碎-蓝铁块	1	1	3	1	1	C207:蓝铁块=1(M095)	C275:蓝铁粉末=1(M127)	通过
M045	粉碎机	粉碎-蓝铁块	1	1	3	1	1	C208:蓝铁块=1(M096)	C276:蓝铁粉末=1(M126)	通过
M046	粉碎机	粉碎-蓝铁块	1	1	3	1	1	C209:蓝铁块=1(M097)	C277:蓝铁粉末=1(M125)	通过
M047	粉碎机	粉碎-蓝铁块	1	1	3	1	1	C210:蓝铁块=1(M098)	C278:蓝铁粉末=1(M124)	通过
M048	粉碎机	粉碎-蓝铁块	1	1	3	1	1	C211:蓝铁块=1(M099)	C279:蓝铁粉末=1(M123)	通过
M049	粉碎机	粉碎-蓝铁块	1	1	3	1	1	C212:蓝铁块=1(M100)	C280:蓝铁粉末=1(M122)	通过
M050	粉碎机	粉碎-蓝铁块	1	1	3	1	1	C213:蓝铁块=1(M101)	C281:蓝铁粉末=1(M121)	通过
M051	粉碎机	粉碎-蓝铁块	1	1	3	1	1	C214:蓝铁块=1(M102)	C282:蓝铁粉末=1(M120)	通过
M052	粉碎机	粉碎-荞花	1	1	3	1	2	C147:荞花=1(M164)	C170:荞花粉末=1(M146); C171:荞花粉末=1(M147)	通过
M053	粉碎机	粉碎-荞花	1	1	3	1	2	C148:荞花=1(M165)	C172:荞花粉末=1(M148); C173:荞花粉末=1(M149)	通过
M054	粉碎机	粉碎-荞花	1	1	3	1	2	C149:荞花=1(M166)	C174:荞花粉末=1(M150); C175:荞花粉末=1(M150)	通过
M055	粉碎机	粉碎-荞花	1	1	3	1	2	C150:荞花=1(M167)	C176:荞花粉末=1(M149); C177:荞花粉末=1(M148)	通过
M056	粉碎机	粉碎-荞花	1	1	3	1	2	C151:荞花=1(M168)	C178:荞花粉末=1(M147); C179:荞花粉末=1(M146)	通过
M057	粉碎机	粉碎-荞花	1/2	1/2	3	1	1	C157:荞花=1/2(M174)	C180:荞花粉末=1(M151)	通过
M058	粉碎机	粉碎-砂叶	1	1	3	1	3	C036:砂叶=1(M175)	C079:砂叶粉末=1(M120); C080:砂叶粉末=1(M121); C081:砂叶粉末=1(M122)	通过
M059	粉碎机	粉碎-砂叶	1	1	3	1	3	C037:砂叶=1(M176)	C082:砂叶粉末=1(M123); C083:砂叶粉末=1(M124); C084:砂叶粉末=1(M125)	通过
M060	粉碎机	粉碎-砂叶	1	1	3	1	3	C038:砂叶=1(M177)	C085:砂叶粉末=1(M126); C086:砂叶粉末=1(M127); C087:砂叶粉末=1(M128)	通过
M061	粉碎机	粉碎-砂叶	1	1	3	1	3	C039:砂叶=1(M178)	C088:砂叶粉末=1(M129); C089:砂叶粉末=1(M130); C090:砂叶粉末=1(M131)	通过
M062	粉碎机	粉碎-砂叶	1	1	3	1	3	C040:砂叶=1(M179)	C091:砂叶粉末=1(M132); C092:砂叶粉末=1(M133); C093:砂叶粉末=1(M134)	通过
M063	粉碎机	粉碎-砂叶	1	1	3	1	3	C041:砂叶=1(M180)	C094:砂叶粉末=1(M135); C095:砂叶粉末=1(M136); C096:砂叶粉末=1(M137)	通过
M064	粉碎机	粉碎-砂叶	1	1	3	1	3	C042:砂叶=1(M181)	C097:砂叶粉末=1(M138); C098:砂叶粉末=1(M139); C099:砂叶粉末=1(M140)	通过
M065	粉碎机	粉碎-砂叶	1	1	3	1	3	C043:砂叶=1(M182)	C100:砂叶粉末=1(M141); C101:砂叶粉末=1(M142); C102:砂叶粉末=1(M143)	通过
M066	粉碎机	粉碎-砂叶	1	1	3	1	3	C044:砂叶=1(M183)	C103:砂叶粉末=1(M144); C104:砂叶粉末=1(M145); C105:砂叶粉末=1(M146)	通过
M067	粉碎机	粉碎-砂叶	1	1	3	1	3	C045:砂叶=1(M184)	C106:砂叶粉末=1(M147); C107:砂叶粉末=1(M148); C108:砂叶粉末=1(M149)	通过
M068	粉碎机	粉碎-砂叶	1/2	1/2	3	1	3	C056:砂叶=1/2(M195)	C109:砂叶粉末=1/2(M150); C110:砂叶粉末=1/2(M150); C111:砂叶粉末=1/2(M151)	通过
M069	精炼炉	精炼-蓝铁矿	1	1	3	1	1	C215:蓝铁矿=1(仓库出矿口)	C181:蓝铁块=1(M018)	通过
M070	精炼炉	精炼-蓝铁矿	1	1	3	1	1	C216:蓝铁矿=1(仓库出矿口)	C182:蓝铁块=1(M019)	通过
M071	精炼炉	精炼-蓝铁矿	1	1	3	1	1	C217:蓝铁矿=1(仓库出矿口)	C183:蓝铁块=1(M020)	通过
M072	精炼炉	精炼-蓝铁矿	1	1	3	1	1	C218:蓝铁矿=1(仓库出矿口)	C184:蓝铁块=1(M021)	通过
M073	精炼炉	精炼-蓝铁矿	1	1	3	1	1	C219:蓝铁矿=1(仓库出矿口)	C185:蓝铁块=1(M022)	通过
M074	精炼炉	精炼-蓝铁矿	1	1	3	1	1	C220:蓝铁矿=1(仓库出矿口)	C186:蓝铁块=1(M023)	通过
M075	精炼炉	精炼-蓝铁矿	1	1	3	1	1	C221:蓝铁矿=1(仓库出矿口)	C187:蓝铁块=1(M024)	通过
M076	精炼炉	精炼-蓝铁矿	1	1	3	1	1	C222:蓝铁矿=1(仓库出矿口)	C188:蓝铁块=1(M025)	通过
M077	精炼炉	精炼-蓝铁矿	1	1	3	1	1	C223:蓝铁矿=1(仓库出矿口)	C189:蓝铁块=1(M026)	通过
M078	精炼炉	精炼-蓝铁矿	1	1	3	1	1	C224:蓝铁矿=1(仓库出矿口)	C190:蓝铁块=1(M027)	通过
M079	精炼炉	精炼-蓝铁矿	1	1	3	1	1	C225:蓝铁矿=1(仓库出矿口)	C191:蓝铁块=1(M028)	通过
M080	精炼炉	精炼-蓝铁矿	1	1	3	1	1	C226:蓝铁矿=1(仓库出矿口)	C192:蓝铁块=1(M029)	通过
M081	精炼炉	精炼-蓝铁矿	1	1	3	1	1	C227:蓝铁矿=1(仓库出矿口)	C193:蓝铁块=1(M030)	通过
M082	精炼炉	精炼-蓝铁矿	1	1	3	1	1	C228:蓝铁矿=1(仓库出矿口)	C194:蓝铁块=1(M031)	通过
M083	精炼炉	精炼-蓝铁矿	1	1	3	1	1	C229:蓝铁矿=1(仓库出矿口)	C195:蓝铁块=1(M032)	通过
M084	精炼炉	精炼-蓝铁矿	1	1	3	1	1	C230:蓝铁矿=1(仓库出矿口)	C196:蓝铁块=1(M033)	通过
M085	精炼炉	精炼-蓝铁矿	1	1	3	1	1	C231:蓝铁矿=1(仓库出矿口)	C197:蓝铁块=1(M034)	通过
M086	精炼炉	精炼-蓝铁矿	1	1	3	1	1	C232:蓝铁矿=1(仓库出矿口)	C198:蓝铁块=1(M035)	通过
M087	精炼炉	精炼-蓝铁矿	1	1	3	1	1	C233:蓝铁矿=1(仓库出矿口)	C199:蓝铁块=1(M036)	通过
M088	精炼炉	精炼-蓝铁矿	1	1	3	1	1	C234:蓝铁矿=1(仓库出矿口)	C200:蓝铁块=1(M037)	通过
M089	精炼炉	精炼-蓝铁矿	1	1	3	1	1	C235:蓝铁矿=1(仓库出矿口)	C201:蓝铁块=1(M038)	通过
M090	精炼炉	精炼-蓝铁矿	1	1	3	1	1	C236:蓝铁矿=1(仓库出矿口)	C202:蓝铁块=1(M039)	通过
M091	精炼炉	精炼-蓝铁矿	1	1	3	1	1	C237:蓝铁矿=1(仓库出矿口)	C203:蓝铁块=1(M040)	通过
M092	精炼炉	精炼-蓝铁矿	1	1	3	1	1	C238:蓝铁矿=1(仓库出矿口)	C204:蓝铁块=1(M041)	通过
M093	精炼炉	精炼-蓝铁矿	1	1	3	1	1	C239:蓝铁矿=1(仓库出矿口)	C205:蓝铁块=1(M042)	通过
M094	精炼炉	精炼-蓝铁矿	1	1	3	1	1	C240:蓝铁矿=1(仓库出矿口)	C206:蓝铁块=1(M043)	通过
M095	精炼炉	精炼-蓝铁矿	1	1	3	1	1	C241:蓝铁矿=1(仓库出矿口)	C207:蓝铁块=1(M044)	通过
M096	精炼炉	精炼-蓝铁矿	1	1	3	1	1	C242:蓝铁矿=1(仓库出矿口)	C208:蓝铁块=1(M045)	通过
M097	精炼炉	精炼-蓝铁矿	1	1	3	1	1	C243:蓝铁矿=1(仓库出矿口)	C209:蓝铁块=1(M046)	通过
M098	精炼炉	精炼-蓝铁矿	1	1	3	1	1	C244:蓝铁矿=1(仓库出矿口)	C210:蓝铁块=1(M047)	通过
M099	精炼炉	精炼-蓝铁矿	1	1	3	1	1	C245:蓝铁矿=1(仓库出矿口)	C211:蓝铁块=1(M048)	通过
M100	精炼炉	精炼-蓝铁矿	1	1	3	1	1	C246:蓝铁矿=1(仓库出矿口)	C212:蓝铁块=1(M049)	通过
M101	精炼炉	精炼-蓝铁矿	1	1	3	1	1	C247:蓝铁矿=1(仓库出矿口)	C213:蓝铁块=1(M050)	通过
M102	精炼炉	精炼-蓝铁矿	1	1	3	1	1	C248:蓝铁矿=1(仓库出矿口)	C214:蓝铁块=1(M051)	通过
M103	精炼炉	精炼-致密蓝铁	1	1	3	1	1	C130:致密蓝铁粉末=1(M120)	C289:钢块=1(M152)	通过
M104	精炼炉	精炼-致密蓝铁	1	1	3	1	1	C131:致密蓝铁粉末=1(M121)	C290:钢块=1(M153)	通过
M105	精炼炉	精炼-致密蓝铁	1	1	3	1	1	C132:致密蓝铁粉末=1(M122)	C291:钢块=1(M154)	通过
M106	精炼炉	精炼-致密蓝铁	1	1	3	1	1	C133:致密蓝铁粉末=1(M123)	C292:钢块=1(M155)	通过
M107	精炼炉	精炼-致密蓝铁	1	1	3	1	1	C134:致密蓝铁粉末=1(M124)	C293:钢块=1(M156)	通过
M108	精炼炉	精炼-致密蓝铁	1	1	3	1	1	C135:致密蓝铁粉末=1(M125)	C294:钢块=1(M156)	通过
M109	精炼炉	精炼-致密蓝铁	1	1	3	1	1	C136:致密蓝铁粉末=1(M126)	C295:钢块=1(M155)	通过
M110	精炼炉	精炼-致密蓝铁	1	1	3	1	1	C137:致密蓝铁粉末=1(M127)	C296:钢块=1(M154)	通过
M111	精炼炉	精炼-致密蓝铁	1	1	3	1	1	C138:致密蓝铁粉末=1(M128)	C297:钢块=1(M153)	通过
M112	精炼炉	精炼-致密蓝铁	1	1	3	1	1	C139:致密蓝铁粉末=1(M129)	C298:钢块=1(M152)	通过
M113	精炼炉	精炼-致密蓝铁	1	1	3	1	1	C140:致密蓝铁粉末=1(M130)	C299:钢块=1(M157)	通过
M114	精炼炉	精炼-致密蓝铁	1	1	3	1	1	C141:致密蓝铁粉末=1(M131)	C300:钢块=1(M158)	通过
M115	精炼炉	精炼-致密蓝铁	1	1	3	1	1	C142:致密蓝铁粉末=1(M132)	C301:钢块=1(M159)	通过
M116	精炼炉	精炼-致密蓝铁	1	1	3	1	1	C143:致密蓝铁粉末=1(M133)	C302:钢块=1(M160)	通过
M117	精炼炉	精炼-致密蓝铁	1	1	3	1	1	C144:致密蓝铁粉末=1(M134)	C303:钢块=1(M161)	通过
M118	精炼炉	精炼-致密蓝铁	1	1	3	1	1	C145:致密蓝铁粉末=1(M135)	C304:钢块=1(M162)	通过
M119	精炼炉	精炼-致密蓝铁	1	1	3	1	1	C146:致密蓝铁粉末=1(M136)	C305:钢块=1(M163)	通过
M120	研磨机	研磨-致密蓝铁	1	1	6	3	1	C079:砂叶粉末=1(M058); C249:蓝铁粉末=1(M018); C282:蓝铁粉末=1(M051)	C130:致密蓝铁粉末=1(M103)	通过
M121	研磨机	研磨-致密蓝铁	1	1	6	3	1	C080:砂叶粉末=1(M058); C250:蓝铁粉末=1(M019); C281:蓝铁粉末=1(M050)	C131:致密蓝铁粉末=1(M104)	通过
M122	研磨机	研磨-致密蓝铁	1	1	6	3	1	C081:砂叶粉末=1(M058); C251:蓝铁粉末=1(M020); C280:蓝铁粉末=1(M049)	C132:致密蓝铁粉末=1(M105)	通过
M123	研磨机	研磨-致密蓝铁	1	1	6	3	1	C082:砂叶粉末=1(M059); C252:蓝铁粉末=1(M021); C279:蓝铁粉末=1(M048)	C133:致密蓝铁粉末=1(M106)	通过
M124	研磨机	研磨-致密蓝铁	1	1	6	3	1	C083:砂叶粉末=1(M059); C253:蓝铁粉末=1(M022); C278:蓝铁粉末=1(M047)	C134:致密蓝铁粉末=1(M107)	通过
M125	研磨机	研磨-致密蓝铁	1	1	6	3	1	C084:砂叶粉末=1(M059); C254:蓝铁粉末=1(M023); C277:蓝铁粉末=1(M046)	C135:致密蓝铁粉末=1(M108)	通过
M126	研磨机	研磨-致密蓝铁	1	1	6	3	1	C085:砂叶粉末=1(M060); C255:蓝铁粉末=1(M024); C276:蓝铁粉末=1(M045)	C136:致密蓝铁粉末=1(M109)	通过
M127	研磨机	研磨-致密蓝铁	1	1	6	3	1	C086:砂叶粉末=1(M060); C256:蓝铁粉末=1(M025); C275:蓝铁粉末=1(M044)	C137:致密蓝铁粉末=1(M110)	通过
M128	研磨机	研磨-致密蓝铁	1	1	6	3	1	C087:砂叶粉末=1(M060); C257:蓝铁粉末=1(M026); C274:蓝铁粉末=1(M043)	C138:致密蓝铁粉末=1(M111)	通过
M129	研磨机	研磨-致密蓝铁	1	1	6	3	1	C088:砂叶粉末=1(M061); C258:蓝铁粉末=1(M027); C273:蓝铁粉末=1(M042)	C139:致密蓝铁粉末=1(M112)	通过
M130	研磨机	研磨-致密蓝铁	1	1	6	3	1	C089:砂叶粉末=1(M061); C259:蓝铁粉末=1(M028); C272:蓝铁粉末=1(M041)	C140:致密蓝铁粉末=1(M113)	通过
M131	研磨机	研磨-致密蓝铁	1	1	6	3	1	C090:砂叶粉末=1(M061); C260:蓝铁粉末=1(M029); C271:蓝铁粉末=1(M040)	C141:致密蓝铁粉末=1(M114)	通过
M132	研磨机	研磨-致密蓝铁	1	1	6	3	1	C091:砂叶粉末=1(M062); C261:蓝铁粉末=1(M030); C270:蓝铁粉末=1(M039)	C142:致密蓝铁粉末=1(M115)	通过
M133	研磨机	研磨-致密蓝铁	1	1	6	3	1	C092:砂叶粉末=1(M062); C262:蓝铁粉末=1(M031); C269:蓝铁粉末=1(M038)	C143:致密蓝铁粉末=1(M116)	通过
M134	研磨机	研磨-致密蓝铁	1	1	6	3	1	C093:砂叶粉末=1(M062); C263:蓝铁粉末=1(M032); C268:蓝铁粉末=1(M037)	C144:致密蓝铁粉末=1(M117)	通过
M135	研磨机	研磨-致密蓝铁	1	1	6	3	1	C094:砂叶粉末=1(M063); C264:蓝铁粉末=1(M033); C267:蓝铁粉末=1(M036)	C145:致密蓝铁粉末=1(M118)	通过
M136	研磨机	研磨-致密蓝铁	1	1	6	3	1	C095:砂叶粉末=1(M063); C265:蓝铁粉末=1(M034); C266:蓝铁粉末=1(M035)	C146:致密蓝铁粉末=1(M119)	通过
M137	研磨机	研磨-致密源石	1	1	6	3	1	C000:源石粉末=1(M000); C017:源石粉末=1(M017); C096:砂叶粉末=1(M063)	C121:致密源石粉末=1(M213)	通过
M138	研磨机	研磨-致密源石	1	1	6	3	1	C001:源石粉末=1(M001); C016:源石粉末=1(M016); C097:砂叶粉末=1(M064)	C122:致密源石粉末=1(M214)	通过
M139	研磨机	研磨-致密源石	1	1	6	3	1	C002:源石粉末=1(M002); C015:源石粉末=1(M015); C098:砂叶粉末=1(M064)	C123:致密源石粉末=1(M215)	通过
M140	研磨机	研磨-致密源石	1	1	6	3	1	C003:源石粉末=1(M003); C014:源石粉末=1(M014); C099:砂叶粉末=1(M064)	C124:致密源石粉末=1(M215)	通过
M141	研磨机	研磨-致密源石	1	1	6	3	1	C004:源石粉末=1(M004); C013:源石粉末=1(M013); C100:砂叶粉末=1(M065)	C125:致密源石粉末=1(M214)	通过
M142	研磨机	研磨-致密源石	1	1	6	3	1	C005:源石粉末=1(M005); C012:源石粉末=1(M012); C101:砂叶粉末=1(M065)	C126:致密源石粉末=1(M213)	通过
M143	研磨机	研磨-致密源石	1	1	6	3	1	C006:源石粉末=1(M006); C011:源石粉末=1(M011); C102:砂叶粉末=1(M065)	C127:致密源石粉末=1(M213)	通过
M144	研磨机	研磨-致密源石	1	1	6	3	1	C007:源石粉末=1(M007); C010:源石粉末=1(M010); C103:砂叶粉末=1(M066)	C128:致密源石粉末=1(M214)	通过
M145	研磨机	研磨-致密源石	1	1	6	3	1	C008:源石粉末=1(M008); C009:源石粉末=1(M009); C104:砂叶粉末=1(M066)	C129:致密源石粉末=1(M215)	通过
M146	研磨机	研磨-细磨荞花	1	1	6	3	1	C105:砂叶粉末=1(M066); C170:荞花粉末=1(M052); C179:荞花粉末=1(M056)	C115:细磨荞花粉末=1(M216)	通过
M147	研磨机	研磨-细磨荞花	1	1	6	3	1	C106:砂叶粉末=1(M067); C171:荞花粉末=1(M052); C178:荞花粉末=1(M056)	C116:细磨荞花粉末=1(M217)	通过
M148	研磨机	研磨-细磨荞花	1	1	6	3	1	C107:砂叶粉末=1(M067); C172:荞花粉末=1(M053); C177:荞花粉末=1(M055)	C117:细磨荞花粉末=1(M218)	通过
M149	研磨机	研磨-细磨荞花	1	1	6	3	1	C108:砂叶粉末=1(M067); C173:荞花粉末=1(M053); C176:荞花粉末=1(M055)	C118:细磨荞花粉末=1(M217)	通过
M150	研磨机	研磨-细磨荞花	1	1	6	4	1	C109:砂叶粉末=1/2(M068); C110:砂叶粉末=1/2(M068); C174:荞花粉末=1(M054); C175:荞花粉末=1(M054)	C119:细磨荞花粉末=1(M216)	通过
M151	研磨机	研磨-细磨荞花	1/2	1/2	6	2	1	C111:砂叶粉末=1/2(M068); C180:荞花粉末=1(M057)	C120:细磨荞花粉末=1/2(M218)	通过
M152	塑形机	塑形-钢质瓶	1	1	3	2	1	C289:钢块=1(M103); C298:钢块=1(M112)	C306:钢质瓶=1(M216)	通过
M153	塑形机	塑形-钢质瓶	1	1	3	2	1	C290:钢块=1(M104); C297:钢块=1(M111)	C307:钢质瓶=1(M217)	通过
M154	塑形机	塑形-钢质瓶	1	1	3	2	1	C291:钢块=1(M105); C296:钢块=1(M110)	C308:钢质瓶=1(M218)	通过
M155	塑形机	塑形-钢质瓶	1	1	3	2	1	C292:钢块=1(M106); C295:钢块=1(M109)	C309:钢质瓶=1(M217)	通过
M156	塑形机	塑形-钢质瓶	1	1	3	2	1	C293:钢块=1(M107); C294:钢块=1(M108)	C310:钢质瓶=1(M216)	通过
M157	塑形机	塑形-钢质瓶	1/2	1/2	3	1	1	C299:钢块=1(M113)	C311:钢质瓶=1/2(M218)	通过
M158	配件机	配件-钢制零件	1	1	3	1	1	C300:钢块=1(M114)	C283:钢制零件=1(M213)	通过
M159	配件机	配件-钢制零件	1	1	3	1	1	C301:钢块=1(M115)	C284:钢制零件=1(M214)	通过
M160	配件机	配件-钢制零件	1	1	3	1	1	C302:钢块=1(M116)	C285:钢制零件=1(M215)	通过
M161	配件机	配件-钢制零件	1	1	3	1	1	C303:钢块=1(M117)	C286:钢制零件=1(M215)	通过
M162	配件机	配件-钢制零件	1	1	3	1	1	C304:钢块=1(M118)	C287:钢制零件=1(M214)	通过
M163	配件机	配件-钢制零件	1	1	3	1	1	C305:钢块=1(M119)	C288:钢制零件=1(M213)	通过
M164	种植机	种植-荞花	1	1	5	1	1	C159:荞花种子=1(M196)	C147:荞花=1(M052)	通过
M165	种植机	种植-荞花	1	1	5	1	1	C160:荞花种子=1(M196)	C148:荞花=1(M053)	通过
M166	种植机	种植-荞花	1	1	5	1	1	C161:荞花种子=1(M197)	C149:荞花=1(M054)	通过
M167	种植机	种植-荞花	1	1	5	1	1	C162:荞花种子=1(M197)	C150:荞花=1(M055)	通过
M168	种植机	种植-荞花	1	1	5	1	1	C163:荞花种子=1(M198)	C151:荞花=1(M056)	通过
M169	种植机	种植-荞花	1	1	5	1	1	C164:荞花种子=1(M198)	C152:荞花=1(M196)	通过
M170	种植机	种植-荞花	1	1	5	1	1	C165:荞花种子=1(M199)	C153:荞花=1(M197)	通过
M171	种植机	种植-荞花	1	1	5	1	1	C166:荞花种子=1(M199)	C154:荞花=1(M198)	通过
M172	种植机	种植-荞花	1	1	5	1	1	C167:荞花种子=1(M200)	C155:荞花=1(M199)	通过
M173	种植机	种植-荞花	1	1	5	1	1	C168:荞花种子=1(M200)	C156:荞花=1(M200)	通过
M174	种植机	种植-荞花	1	1	5	1	2	C169:荞花种子=1(M201)	C157:荞花=1/2(M057); C158:荞花=1/2(M201)	通过
M175	种植机	种植-砂叶	1	1	5	1	1	C058:砂叶种子=1(M202)	C036:砂叶=1(M058)	通过
M176	种植机	种植-砂叶	1	1	5	1	1	C059:砂叶种子=1(M202)	C037:砂叶=1(M059)	通过
M177	种植机	种植-砂叶	1	1	5	1	1	C060:砂叶种子=1(M203)	C038:砂叶=1(M060)	通过
M178	种植机	种植-砂叶	1	1	5	1	1	C061:砂叶种子=1(M203)	C039:砂叶=1(M061)	通过
M179	种植机	种植-砂叶	1	1	5	1	1	C062:砂叶种子=1(M204)	C040:砂叶=1(M062)	通过
M180	种植机	种植-砂叶	1	1	5	1	1	C063:砂叶种子=1(M204)	C041:砂叶=1(M063)	通过
M181	种植机	种植-砂叶	1	1	5	1	1	C064:砂叶种子=1(M205)	C042:砂叶=1(M064)	通过
M182	种植机	种植-砂叶	1	1	5	1	1	C065:砂叶种子=1(M205)	C043:砂叶=1(M065)	通过
M183	种植机	种植-砂叶	1	1	5	1	1	C066:砂叶种子=1(M206)	C044:砂叶=1(M066)	通过
M184	种植机	种植-砂叶	1	1	5	1	1	C067:砂叶种子=1(M206)	C045:砂叶=1(M067)	通过
M185	种植机	种植-砂叶	1	1	5	1	1	C068:砂叶种子=1(M207)	C046:砂叶=1(M202)	通过
M186	种植机	种植-砂叶	1	1	5	1	1	C069:砂叶种子=1(M207)	C047:砂叶=1(M203)	通过
M187	种植机	种植-砂叶	1	1	5	1	1	C070:砂叶种子=1(M208)	C048:砂叶=1(M204)	通过
M188	种植机	种植-砂叶	1	1	5	1	1	C071:砂叶种子=1(M208)	C049:砂叶=1(M205)	通过
M189	种植机	种植-砂叶	1	1	5	1	1	C072:砂叶种子=1(M209)	C050:砂叶=1(M206)	通过
M190	种植机	种植-砂叶	1	1	5	1	1	C073:砂叶种子=1(M209)	C051:砂叶=1(M207)	通过
M191	种植机	种植-砂叶	1	1	5	1	1	C074:砂叶种子=1(M210)	C052:砂叶=1(M208)	通过
M192	种植机	种植-砂叶	1	1	5	1	1	C075:砂叶种子=1(M210)	C053:砂叶=1(M209)	通过
M193	种植机	种植-砂叶	1	1	5	1	1	C076:砂叶种子=1(M211)	C054:砂叶=1(M210)	通过
M194	种植机	种植-砂叶	1	1	5	1	1	C077:砂叶种子=1(M211)	C055:砂叶=1(M211)	通过
M195	种植机	种植-砂叶	1	1	5	1	2	C078:砂叶种子=1(M212)	C056:砂叶=1/2(M068); C057:砂叶=1/2(M212)	通过
M196	采种机	采种-荞花	1	1	5	1	2	C152:荞花=1(M169)	C159:荞花种子=1(M164); C160:荞花种子=1(M165)	通过
M197	采种机	采种-荞花	1	1	5	1	2	C153:荞花=1(M170)	C161:荞花种子=1(M166); C162:荞花种子=1(M167)	通过
M198	采种机	采种-荞花	1	1	5	1	2	C154:荞花=1(M171)	C163:荞花种子=1(M168); C164:荞花种子=1(M169)	通过
M199	采种机	采种-荞花	1	1	5	1	2	C155:荞花=1(M172)	C165:荞花种子=1(M170); C166:荞花种子=1(M171)	通过
M200	采种机	采种-荞花	1	1	5	1	2	C156:荞花=1(M173)	C167:荞花种子=1(M172); C168:荞花种子=1(M173)	通过
M201	采种机	采种-荞花	1/2	1/2	5	1	1	C158:荞花=1/2(M174)	C169:荞花种子=1(M174)	通过
M202	采种机	采种-砂叶	1	1	5	1	2	C046:砂叶=1(M185)	C058:砂叶种子=1(M175); C059:砂叶种子=1(M176)	通过
M203	采种机	采种-砂叶	1	1	5	1	2	C047:砂叶=1(M186)	C060:砂叶种子=1(M177); C061:砂叶种子=1(M178)	通过
M204	采种机	采种-砂叶	1	1	5	1	2	C048:砂叶=1(M187)	C062:砂叶种子=1(M179); C063:砂叶种子=1(M180)	通过
M205	采种机	采种-砂叶	1	1	5	1	2	C049:砂叶=1(M188)	C064:砂叶种子=1(M181); C065:砂叶种子=1(M182)	通过
M206	采种机	采种-砂叶	1	1	5	1	2	C050:砂叶=1(M189)	C066:砂叶种子=1(M183); C067:砂叶种子=1(M184)	通过
M207	采种机	采种-砂叶	1	1	5	1	2	C051:砂叶=1(M190)	C068:砂叶种子=1(M185); C069:砂叶种子=1(M186)	通过
M208	采种机	采种-砂叶	1	1	5	1	2	C052:砂叶=1(M191)	C070:砂叶种子=1(M187); C071:砂叶种子=1(M188)	通过
M209	采种机	采种-砂叶	1	1	5	1	2	C053:砂叶=1(M192)	C072:砂叶种子=1(M189); C073:砂叶种子=1(M190)	通过
M210	采种机	采种-砂叶	1	1	5	1	2	C054:砂叶=1(M193)	C074:砂叶种子=1(M191); C075:砂叶种子=1(M192)	通过
M211	采种机	采种-砂叶	1	1	5	1	2	C055:砂叶=1(M194)	C076:砂叶种子=1(M193); C077:砂叶种子=1(M194)	通过
M212	采种机	采种-砂叶	1/2	1/2	5	1	1	C057:砂叶=1/2(M195)	C078:砂叶种子=1(M195)	通过
M213	封装机	封装-电池	1/5	1	6	5	1	C121:致密源石粉末=1(M137); C126:致密源石粉末=1(M142); C127:致密源石粉末=1(M143); C283:钢制零件=1(M158); C288:钢制零件=1(M163)	C312:高容谷地电池=1/5(协议核心)	通过
M214	封装机	封装-电池	1/5	1	6	5	1	C122:致密源石粉末=1(M138); C125:致密源石粉末=1(M141); C128:致密源石粉末=1(M144); C284:钢制零件=1(M159); C287:钢制零件=1(M162)	C313:高容谷地电池=1/5(协议核心)	通过
M215	封装机	封装-电池	1/5	1	6	5	1	C123:致密源石粉末=1(M139); C124:致密源石粉末=1(M140); C129:致密源石粉末=1(M145); C285:钢制零件=1(M160); C286:钢制零件=1(M161)	C314:高容谷地电池=1/5(协议核心)	通过
M216	灌装机	灌装-胶囊	1/5	1	6	4	1	C115:细磨荞花粉末=1(M146); C119:细磨荞花粉末=1(M150); C306:钢质瓶=1(M152); C310:钢质瓶=1(M156)	C112:精选荞愈胶囊=1/5(协议核心)	通过
M217	灌装机	灌装-胶囊	1/5	1	6	4	1	C116:细磨荞花粉末=1(M147); C118:细磨荞花粉末=1(M149); C307:钢质瓶=1(M153); C309:钢质瓶=1(M155)	C113:精选荞愈胶囊=1/5(协议核心)	通过
M218	灌装机	灌装-胶囊	3/20	3/4	6	4	1	C117:细磨荞花粉末=1(M148); C120:细磨荞花粉末=1/2(M151); C308:钢质瓶=1(M154); C311:钢质瓶=1/2(M157)	C114:精选荞愈胶囊=3/20(协议核心)	通过
