机器	原始行	机型	配方	规则行	计划批次每tick	制造占时	面积	存通道数	取通道数	投入每tick	产出每tick	各存口速率	各取口速率
M000	2	粉碎机	粉碎-源矿	81	1	1	9	1	1	"{""源矿"": ""1""}"	"{""源石粉末"": ""1""}"	"[""1""]"	"[""1""]"
M001	3	粉碎机	粉碎-源矿	81	1	1	9	1	1	"{""源矿"": ""1""}"	"{""源石粉末"": ""1""}"	"[""1""]"	"[""1""]"
M002	4	粉碎机	粉碎-源矿	81	1	1	9	1	1	"{""源矿"": ""1""}"	"{""源石粉末"": ""1""}"	"[""1""]"	"[""1""]"
M003	5	粉碎机	粉碎-源矿	81	1	1	9	1	1	"{""源矿"": ""1""}"	"{""源石粉末"": ""1""}"	"[""1""]"	"[""1""]"
M004	6	粉碎机	粉碎-源矿	81	1	1	9	1	1	"{""源矿"": ""1""}"	"{""源石粉末"": ""1""}"	"[""1""]"	"[""1""]"
M005	7	粉碎机	粉碎-源矿	81	1	1	9	1	1	"{""源矿"": ""1""}"	"{""源石粉末"": ""1""}"	"[""1""]"	"[""1""]"
M006	8	粉碎机	粉碎-源矿	81	1	1	9	1	1	"{""源矿"": ""1""}"	"{""源石粉末"": ""1""}"	"[""1""]"	"[""1""]"
M007	9	粉碎机	粉碎-源矿	81	1	1	9	1	1	"{""源矿"": ""1""}"	"{""源石粉末"": ""1""}"	"[""1""]"	"[""1""]"
M008	10	粉碎机	粉碎-源矿	81	1	1	9	1	1	"{""源矿"": ""1""}"	"{""源石粉末"": ""1""}"	"[""1""]"	"[""1""]"
M009	11	粉碎机	粉碎-源矿	81	1	1	9	1	1	"{""源矿"": ""1""}"	"{""源石粉末"": ""1""}"	"[""1""]"	"[""1""]"
M010	12	粉碎机	粉碎-源矿	81	1	1	9	1	1	"{""源矿"": ""1""}"	"{""源石粉末"": ""1""}"	"[""1""]"	"[""1""]"
M011	13	粉碎机	粉碎-源矿	81	1	1	9	1	1	"{""源矿"": ""1""}"	"{""源石粉末"": ""1""}"	"[""1""]"	"[""1""]"
M012	14	粉碎机	粉碎-源矿	81	1	1	9	1	1	"{""源矿"": ""1""}"	"{""源石粉末"": ""1""}"	"[""1""]"	"[""1""]"
M013	15	粉碎机	粉碎-源矿	81	1	1	9	1	1	"{""源矿"": ""1""}"	"{""源石粉末"": ""1""}"	"[""1""]"	"[""1""]"
M014	16	粉碎机	粉碎-源矿	81	1	1	9	1	1	"{""源矿"": ""1""}"	"{""源石粉末"": ""1""}"	"[""1""]"	"[""1""]"
M015	17	粉碎机	粉碎-源矿	81	1	1	9	1	1	"{""源矿"": ""1""}"	"{""源石粉末"": ""1""}"	"[""1""]"	"[""1""]"
M016	18	粉碎机	粉碎-源矿	81	1	1	9	1	1	"{""源矿"": ""1""}"	"{""源石粉末"": ""1""}"	"[""1""]"	"[""1""]"
M017	19	粉碎机	粉碎-源矿	81	1	1	9	1	1	"{""源矿"": ""1""}"	"{""源石粉末"": ""1""}"	"[""1""]"	"[""1""]"
M018	20	粉碎机	粉碎-蓝铁块	82	1	1	9	1	1	"{""蓝铁块"": ""1""}"	"{""蓝铁粉末"": ""1""}"	"[""1""]"	"[""1""]"
M019	21	粉碎机	粉碎-蓝铁块	82	1	1	9	1	1	"{""蓝铁块"": ""1""}"	"{""蓝铁粉末"": ""1""}"	"[""1""]"	"[""1""]"
M020	22	粉碎机	粉碎-蓝铁块	82	1	1	9	1	1	"{""蓝铁块"": ""1""}"	"{""蓝铁粉末"": ""1""}"	"[""1""]"	"[""1""]"
M021	23	粉碎机	粉碎-蓝铁块	82	1	1	9	1	1	"{""蓝铁块"": ""1""}"	"{""蓝铁粉末"": ""1""}"	"[""1""]"	"[""1""]"
M022	24	粉碎机	粉碎-蓝铁块	82	1	1	9	1	1	"{""蓝铁块"": ""1""}"	"{""蓝铁粉末"": ""1""}"	"[""1""]"	"[""1""]"
M023	25	粉碎机	粉碎-蓝铁块	82	1	1	9	1	1	"{""蓝铁块"": ""1""}"	"{""蓝铁粉末"": ""1""}"	"[""1""]"	"[""1""]"
M024	26	粉碎机	粉碎-蓝铁块	82	1	1	9	1	1	"{""蓝铁块"": ""1""}"	"{""蓝铁粉末"": ""1""}"	"[""1""]"	"[""1""]"
M025	27	粉碎机	粉碎-蓝铁块	82	1	1	9	1	1	"{""蓝铁块"": ""1""}"	"{""蓝铁粉末"": ""1""}"	"[""1""]"	"[""1""]"
M026	28	粉碎机	粉碎-蓝铁块	82	1	1	9	1	1	"{""蓝铁块"": ""1""}"	"{""蓝铁粉末"": ""1""}"	"[""1""]"	"[""1""]"
M027	29	粉碎机	粉碎-蓝铁块	82	1	1	9	1	1	"{""蓝铁块"": ""1""}"	"{""蓝铁粉末"": ""1""}"	"[""1""]"	"[""1""]"
M028	30	粉碎机	粉碎-蓝铁块	82	1	1	9	1	1	"{""蓝铁块"": ""1""}"	"{""蓝铁粉末"": ""1""}"	"[""1""]"	"[""1""]"
M029	31	粉碎机	粉碎-蓝铁块	82	1	1	9	1	1	"{""蓝铁块"": ""1""}"	"{""蓝铁粉末"": ""1""}"	"[""1""]"	"[""1""]"
M030	32	粉碎机	粉碎-蓝铁块	82	1	1	9	1	1	"{""蓝铁块"": ""1""}"	"{""蓝铁粉末"": ""1""}"	"[""1""]"	"[""1""]"
M031	33	粉碎机	粉碎-蓝铁块	82	1	1	9	1	1	"{""蓝铁块"": ""1""}"	"{""蓝铁粉末"": ""1""}"	"[""1""]"	"[""1""]"
M032	34	粉碎机	粉碎-蓝铁块	82	1	1	9	1	1	"{""蓝铁块"": ""1""}"	"{""蓝铁粉末"": ""1""}"	"[""1""]"	"[""1""]"
M033	35	粉碎机	粉碎-蓝铁块	82	1	1	9	1	1	"{""蓝铁块"": ""1""}"	"{""蓝铁粉末"": ""1""}"	"[""1""]"	"[""1""]"
M034	36	粉碎机	粉碎-蓝铁块	82	1	1	9	1	1	"{""蓝铁块"": ""1""}"	"{""蓝铁粉末"": ""1""}"	"[""1""]"	"[""1""]"
M035	37	粉碎机	粉碎-蓝铁块	82	1	1	9	1	1	"{""蓝铁块"": ""1""}"	"{""蓝铁粉末"": ""1""}"	"[""1""]"	"[""1""]"
M036	38	粉碎机	粉碎-蓝铁块	82	1	1	9	1	1	"{""蓝铁块"": ""1""}"	"{""蓝铁粉末"": ""1""}"	"[""1""]"	"[""1""]"
M037	39	粉碎机	粉碎-蓝铁块	82	1	1	9	1	1	"{""蓝铁块"": ""1""}"	"{""蓝铁粉末"": ""1""}"	"[""1""]"	"[""1""]"
M038	40	粉碎机	粉碎-蓝铁块	82	1	1	9	1	1	"{""蓝铁块"": ""1""}"	"{""蓝铁粉末"": ""1""}"	"[""1""]"	"[""1""]"
M039	41	粉碎机	粉碎-蓝铁块	82	1	1	9	1	1	"{""蓝铁块"": ""1""}"	"{""蓝铁粉末"": ""1""}"	"[""1""]"	"[""1""]"
M040	42	粉碎机	粉碎-蓝铁块	82	1	1	9	1	1	"{""蓝铁块"": ""1""}"	"{""蓝铁粉末"": ""1""}"	"[""1""]"	"[""1""]"
M041	43	粉碎机	粉碎-蓝铁块	82	1	1	9	1	1	"{""蓝铁块"": ""1""}"	"{""蓝铁粉末"": ""1""}"	"[""1""]"	"[""1""]"
M042	44	粉碎机	粉碎-蓝铁块	82	1	1	9	1	1	"{""蓝铁块"": ""1""}"	"{""蓝铁粉末"": ""1""}"	"[""1""]"	"[""1""]"
M043	45	粉碎机	粉碎-蓝铁块	82	1	1	9	1	1	"{""蓝铁块"": ""1""}"	"{""蓝铁粉末"": ""1""}"	"[""1""]"	"[""1""]"
M044	46	粉碎机	粉碎-蓝铁块	82	1	1	9	1	1	"{""蓝铁块"": ""1""}"	"{""蓝铁粉末"": ""1""}"	"[""1""]"	"[""1""]"
M045	47	粉碎机	粉碎-蓝铁块	82	1	1	9	1	1	"{""蓝铁块"": ""1""}"	"{""蓝铁粉末"": ""1""}"	"[""1""]"	"[""1""]"
M046	48	粉碎机	粉碎-蓝铁块	82	1	1	9	1	1	"{""蓝铁块"": ""1""}"	"{""蓝铁粉末"": ""1""}"	"[""1""]"	"[""1""]"
M047	49	粉碎机	粉碎-蓝铁块	82	1	1	9	1	1	"{""蓝铁块"": ""1""}"	"{""蓝铁粉末"": ""1""}"	"[""1""]"	"[""1""]"
M048	50	粉碎机	粉碎-蓝铁块	82	1	1	9	1	1	"{""蓝铁块"": ""1""}"	"{""蓝铁粉末"": ""1""}"	"[""1""]"	"[""1""]"
M049	51	粉碎机	粉碎-蓝铁块	82	1	1	9	1	1	"{""蓝铁块"": ""1""}"	"{""蓝铁粉末"": ""1""}"	"[""1""]"	"[""1""]"
M050	52	粉碎机	粉碎-蓝铁块	82	1	1	9	1	1	"{""蓝铁块"": ""1""}"	"{""蓝铁粉末"": ""1""}"	"[""1""]"	"[""1""]"
M051	53	粉碎机	粉碎-蓝铁块	82	1	1	9	1	1	"{""蓝铁块"": ""1""}"	"{""蓝铁粉末"": ""1""}"	"[""1""]"	"[""1""]"
M052	54	粉碎机	粉碎-荞花	83	1	1	9	1	2	"{""荞花"": ""1""}"	"{""荞花粉末"": ""2""}"	"[""1""]"	"[""1"", ""1""]"
M053	55	粉碎机	粉碎-荞花	83	1	1	9	1	2	"{""荞花"": ""1""}"	"{""荞花粉末"": ""2""}"	"[""1""]"	"[""1"", ""1""]"
M054	56	粉碎机	粉碎-荞花	83	1	1	9	1	2	"{""荞花"": ""1""}"	"{""荞花粉末"": ""2""}"	"[""1""]"	"[""1"", ""1""]"
M055	57	粉碎机	粉碎-荞花	83	1	1	9	1	2	"{""荞花"": ""1""}"	"{""荞花粉末"": ""2""}"	"[""1""]"	"[""1"", ""1""]"
M056	58	粉碎机	粉碎-荞花	83	1	1	9	1	2	"{""荞花"": ""1""}"	"{""荞花粉末"": ""2""}"	"[""1""]"	"[""1"", ""1""]"
M057	59	粉碎机	粉碎-荞花	83	1/2	1/2	9	1	1	"{""荞花"": ""1/2""}"	"{""荞花粉末"": ""1""}"	"[""1/2""]"	"[""1""]"
M058	60	粉碎机	粉碎-砂叶	84	1	1	9	1	3	"{""砂叶"": ""1""}"	"{""砂叶粉末"": ""3""}"	"[""1""]"	"[""1"", ""1"", ""1""]"
M059	61	粉碎机	粉碎-砂叶	84	1	1	9	1	3	"{""砂叶"": ""1""}"	"{""砂叶粉末"": ""3""}"	"[""1""]"	"[""1"", ""1"", ""1""]"
M060	62	粉碎机	粉碎-砂叶	84	1	1	9	1	3	"{""砂叶"": ""1""}"	"{""砂叶粉末"": ""3""}"	"[""1""]"	"[""1"", ""1"", ""1""]"
M061	63	粉碎机	粉碎-砂叶	84	1	1	9	1	3	"{""砂叶"": ""1""}"	"{""砂叶粉末"": ""3""}"	"[""1""]"	"[""1"", ""1"", ""1""]"
M062	64	粉碎机	粉碎-砂叶	84	1	1	9	1	3	"{""砂叶"": ""1""}"	"{""砂叶粉末"": ""3""}"	"[""1""]"	"[""1"", ""1"", ""1""]"
M063	65	粉碎机	粉碎-砂叶	84	1	1	9	1	3	"{""砂叶"": ""1""}"	"{""砂叶粉末"": ""3""}"	"[""1""]"	"[""1"", ""1"", ""1""]"
M064	66	粉碎机	粉碎-砂叶	84	1	1	9	1	3	"{""砂叶"": ""1""}"	"{""砂叶粉末"": ""3""}"	"[""1""]"	"[""1"", ""1"", ""1""]"
M065	67	粉碎机	粉碎-砂叶	84	1	1	9	1	3	"{""砂叶"": ""1""}"	"{""砂叶粉末"": ""3""}"	"[""1""]"	"[""1"", ""1"", ""1""]"
M066	68	粉碎机	粉碎-砂叶	84	1	1	9	1	3	"{""砂叶"": ""1""}"	"{""砂叶粉末"": ""3""}"	"[""1""]"	"[""1"", ""1"", ""1""]"
M067	69	粉碎机	粉碎-砂叶	84	1	1	9	1	3	"{""砂叶"": ""1""}"	"{""砂叶粉末"": ""3""}"	"[""1""]"	"[""1"", ""1"", ""1""]"
M068	70	粉碎机	粉碎-砂叶	84	1/2	1/2	9	1	3	"{""砂叶"": ""1/2""}"	"{""砂叶粉末"": ""3/2""}"	"[""1/2""]"	"[""1/2"", ""1/2"", ""1/2""]"
M069	71	精炼炉	精炼-蓝铁矿	87	1	1	9	1	1	"{""蓝铁矿"": ""1""}"	"{""蓝铁块"": ""1""}"	"[""1""]"	"[""1""]"
M070	72	精炼炉	精炼-蓝铁矿	87	1	1	9	1	1	"{""蓝铁矿"": ""1""}"	"{""蓝铁块"": ""1""}"	"[""1""]"	"[""1""]"
M071	73	精炼炉	精炼-蓝铁矿	87	1	1	9	1	1	"{""蓝铁矿"": ""1""}"	"{""蓝铁块"": ""1""}"	"[""1""]"	"[""1""]"
M072	74	精炼炉	精炼-蓝铁矿	87	1	1	9	1	1	"{""蓝铁矿"": ""1""}"	"{""蓝铁块"": ""1""}"	"[""1""]"	"[""1""]"
M073	75	精炼炉	精炼-蓝铁矿	87	1	1	9	1	1	"{""蓝铁矿"": ""1""}"	"{""蓝铁块"": ""1""}"	"[""1""]"	"[""1""]"
M074	76	精炼炉	精炼-蓝铁矿	87	1	1	9	1	1	"{""蓝铁矿"": ""1""}"	"{""蓝铁块"": ""1""}"	"[""1""]"	"[""1""]"
M075	77	精炼炉	精炼-蓝铁矿	87	1	1	9	1	1	"{""蓝铁矿"": ""1""}"	"{""蓝铁块"": ""1""}"	"[""1""]"	"[""1""]"
M076	78	精炼炉	精炼-蓝铁矿	87	1	1	9	1	1	"{""蓝铁矿"": ""1""}"	"{""蓝铁块"": ""1""}"	"[""1""]"	"[""1""]"
M077	79	精炼炉	精炼-蓝铁矿	87	1	1	9	1	1	"{""蓝铁矿"": ""1""}"	"{""蓝铁块"": ""1""}"	"[""1""]"	"[""1""]"
M078	80	精炼炉	精炼-蓝铁矿	87	1	1	9	1	1	"{""蓝铁矿"": ""1""}"	"{""蓝铁块"": ""1""}"	"[""1""]"	"[""1""]"
M079	81	精炼炉	精炼-蓝铁矿	87	1	1	9	1	1	"{""蓝铁矿"": ""1""}"	"{""蓝铁块"": ""1""}"	"[""1""]"	"[""1""]"
M080	82	精炼炉	精炼-蓝铁矿	87	1	1	9	1	1	"{""蓝铁矿"": ""1""}"	"{""蓝铁块"": ""1""}"	"[""1""]"	"[""1""]"
M081	83	精炼炉	精炼-蓝铁矿	87	1	1	9	1	1	"{""蓝铁矿"": ""1""}"	"{""蓝铁块"": ""1""}"	"[""1""]"	"[""1""]"
M082	84	精炼炉	精炼-蓝铁矿	87	1	1	9	1	1	"{""蓝铁矿"": ""1""}"	"{""蓝铁块"": ""1""}"	"[""1""]"	"[""1""]"
M083	85	精炼炉	精炼-蓝铁矿	87	1	1	9	1	1	"{""蓝铁矿"": ""1""}"	"{""蓝铁块"": ""1""}"	"[""1""]"	"[""1""]"
M084	86	精炼炉	精炼-蓝铁矿	87	1	1	9	1	1	"{""蓝铁矿"": ""1""}"	"{""蓝铁块"": ""1""}"	"[""1""]"	"[""1""]"
M085	87	精炼炉	精炼-蓝铁矿	87	1	1	9	1	1	"{""蓝铁矿"": ""1""}"	"{""蓝铁块"": ""1""}"	"[""1""]"	"[""1""]"
M086	88	精炼炉	精炼-蓝铁矿	87	1	1	9	1	1	"{""蓝铁矿"": ""1""}"	"{""蓝铁块"": ""1""}"	"[""1""]"	"[""1""]"
M087	89	精炼炉	精炼-蓝铁矿	87	1	1	9	1	1	"{""蓝铁矿"": ""1""}"	"{""蓝铁块"": ""1""}"	"[""1""]"	"[""1""]"
M088	90	精炼炉	精炼-蓝铁矿	87	1	1	9	1	1	"{""蓝铁矿"": ""1""}"	"{""蓝铁块"": ""1""}"	"[""1""]"	"[""1""]"
M089	91	精炼炉	精炼-蓝铁矿	87	1	1	9	1	1	"{""蓝铁矿"": ""1""}"	"{""蓝铁块"": ""1""}"	"[""1""]"	"[""1""]"
M090	92	精炼炉	精炼-蓝铁矿	87	1	1	9	1	1	"{""蓝铁矿"": ""1""}"	"{""蓝铁块"": ""1""}"	"[""1""]"	"[""1""]"
M091	93	精炼炉	精炼-蓝铁矿	87	1	1	9	1	1	"{""蓝铁矿"": ""1""}"	"{""蓝铁块"": ""1""}"	"[""1""]"	"[""1""]"
M092	94	精炼炉	精炼-蓝铁矿	87	1	1	9	1	1	"{""蓝铁矿"": ""1""}"	"{""蓝铁块"": ""1""}"	"[""1""]"	"[""1""]"
M093	95	精炼炉	精炼-蓝铁矿	87	1	1	9	1	1	"{""蓝铁矿"": ""1""}"	"{""蓝铁块"": ""1""}"	"[""1""]"	"[""1""]"
M094	96	精炼炉	精炼-蓝铁矿	87	1	1	9	1	1	"{""蓝铁矿"": ""1""}"	"{""蓝铁块"": ""1""}"	"[""1""]"	"[""1""]"
M095	97	精炼炉	精炼-蓝铁矿	87	1	1	9	1	1	"{""蓝铁矿"": ""1""}"	"{""蓝铁块"": ""1""}"	"[""1""]"	"[""1""]"
M096	98	精炼炉	精炼-蓝铁矿	87	1	1	9	1	1	"{""蓝铁矿"": ""1""}"	"{""蓝铁块"": ""1""}"	"[""1""]"	"[""1""]"
M097	99	精炼炉	精炼-蓝铁矿	87	1	1	9	1	1	"{""蓝铁矿"": ""1""}"	"{""蓝铁块"": ""1""}"	"[""1""]"	"[""1""]"
M098	100	精炼炉	精炼-蓝铁矿	87	1	1	9	1	1	"{""蓝铁矿"": ""1""}"	"{""蓝铁块"": ""1""}"	"[""1""]"	"[""1""]"
M099	101	精炼炉	精炼-蓝铁矿	87	1	1	9	1	1	"{""蓝铁矿"": ""1""}"	"{""蓝铁块"": ""1""}"	"[""1""]"	"[""1""]"
M100	102	精炼炉	精炼-蓝铁矿	87	1	1	9	1	1	"{""蓝铁矿"": ""1""}"	"{""蓝铁块"": ""1""}"	"[""1""]"	"[""1""]"
M101	103	精炼炉	精炼-蓝铁矿	87	1	1	9	1	1	"{""蓝铁矿"": ""1""}"	"{""蓝铁块"": ""1""}"	"[""1""]"	"[""1""]"
M102	104	精炼炉	精炼-蓝铁矿	87	1	1	9	1	1	"{""蓝铁矿"": ""1""}"	"{""蓝铁块"": ""1""}"	"[""1""]"	"[""1""]"
M103	105	精炼炉	精炼-致密蓝铁	88	1	1	9	1	1	"{""致密蓝铁粉末"": ""1""}"	"{""钢块"": ""1""}"	"[""1""]"	"[""1""]"
M104	106	精炼炉	精炼-致密蓝铁	88	1	1	9	1	1	"{""致密蓝铁粉末"": ""1""}"	"{""钢块"": ""1""}"	"[""1""]"	"[""1""]"
M105	107	精炼炉	精炼-致密蓝铁	88	1	1	9	1	1	"{""致密蓝铁粉末"": ""1""}"	"{""钢块"": ""1""}"	"[""1""]"	"[""1""]"
M106	108	精炼炉	精炼-致密蓝铁	88	1	1	9	1	1	"{""致密蓝铁粉末"": ""1""}"	"{""钢块"": ""1""}"	"[""1""]"	"[""1""]"
M107	109	精炼炉	精炼-致密蓝铁	88	1	1	9	1	1	"{""致密蓝铁粉末"": ""1""}"	"{""钢块"": ""1""}"	"[""1""]"	"[""1""]"
M108	110	精炼炉	精炼-致密蓝铁	88	1	1	9	1	1	"{""致密蓝铁粉末"": ""1""}"	"{""钢块"": ""1""}"	"[""1""]"	"[""1""]"
M109	111	精炼炉	精炼-致密蓝铁	88	1	1	9	1	1	"{""致密蓝铁粉末"": ""1""}"	"{""钢块"": ""1""}"	"[""1""]"	"[""1""]"
M110	112	精炼炉	精炼-致密蓝铁	88	1	1	9	1	1	"{""致密蓝铁粉末"": ""1""}"	"{""钢块"": ""1""}"	"[""1""]"	"[""1""]"
M111	113	精炼炉	精炼-致密蓝铁	88	1	1	9	1	1	"{""致密蓝铁粉末"": ""1""}"	"{""钢块"": ""1""}"	"[""1""]"	"[""1""]"
M112	114	精炼炉	精炼-致密蓝铁	88	1	1	9	1	1	"{""致密蓝铁粉末"": ""1""}"	"{""钢块"": ""1""}"	"[""1""]"	"[""1""]"
M113	115	精炼炉	精炼-致密蓝铁	88	1	1	9	1	1	"{""致密蓝铁粉末"": ""1""}"	"{""钢块"": ""1""}"	"[""1""]"	"[""1""]"
M114	116	精炼炉	精炼-致密蓝铁	88	1	1	9	1	1	"{""致密蓝铁粉末"": ""1""}"	"{""钢块"": ""1""}"	"[""1""]"	"[""1""]"
M115	117	精炼炉	精炼-致密蓝铁	88	1	1	9	1	1	"{""致密蓝铁粉末"": ""1""}"	"{""钢块"": ""1""}"	"[""1""]"	"[""1""]"
M116	118	精炼炉	精炼-致密蓝铁	88	1	1	9	1	1	"{""致密蓝铁粉末"": ""1""}"	"{""钢块"": ""1""}"	"[""1""]"	"[""1""]"
M117	119	精炼炉	精炼-致密蓝铁	88	1	1	9	1	1	"{""致密蓝铁粉末"": ""1""}"	"{""钢块"": ""1""}"	"[""1""]"	"[""1""]"
M118	120	精炼炉	精炼-致密蓝铁	88	1	1	9	1	1	"{""致密蓝铁粉末"": ""1""}"	"{""钢块"": ""1""}"	"[""1""]"	"[""1""]"
M119	121	精炼炉	精炼-致密蓝铁	88	1	1	9	1	1	"{""致密蓝铁粉末"": ""1""}"	"{""钢块"": ""1""}"	"[""1""]"	"[""1""]"
M120	122	研磨机	研磨-致密蓝铁	92	1	1	24	3	1	"{""蓝铁粉末"": ""2"", ""砂叶粉末"": ""1""}"	"{""致密蓝铁粉末"": ""1""}"	"[""1"", ""1"", ""1""]"	"[""1""]"
M121	123	研磨机	研磨-致密蓝铁	92	1	1	24	3	1	"{""蓝铁粉末"": ""2"", ""砂叶粉末"": ""1""}"	"{""致密蓝铁粉末"": ""1""}"	"[""1"", ""1"", ""1""]"	"[""1""]"
M122	124	研磨机	研磨-致密蓝铁	92	1	1	24	3	1	"{""蓝铁粉末"": ""2"", ""砂叶粉末"": ""1""}"	"{""致密蓝铁粉末"": ""1""}"	"[""1"", ""1"", ""1""]"	"[""1""]"
M123	125	研磨机	研磨-致密蓝铁	92	1	1	24	3	1	"{""蓝铁粉末"": ""2"", ""砂叶粉末"": ""1""}"	"{""致密蓝铁粉末"": ""1""}"	"[""1"", ""1"", ""1""]"	"[""1""]"
M124	126	研磨机	研磨-致密蓝铁	92	1	1	24	3	1	"{""蓝铁粉末"": ""2"", ""砂叶粉末"": ""1""}"	"{""致密蓝铁粉末"": ""1""}"	"[""1"", ""1"", ""1""]"	"[""1""]"
M125	127	研磨机	研磨-致密蓝铁	92	1	1	24	3	1	"{""蓝铁粉末"": ""2"", ""砂叶粉末"": ""1""}"	"{""致密蓝铁粉末"": ""1""}"	"[""1"", ""1"", ""1""]"	"[""1""]"
M126	128	研磨机	研磨-致密蓝铁	92	1	1	24	3	1	"{""蓝铁粉末"": ""2"", ""砂叶粉末"": ""1""}"	"{""致密蓝铁粉末"": ""1""}"	"[""1"", ""1"", ""1""]"	"[""1""]"
M127	129	研磨机	研磨-致密蓝铁	92	1	1	24	3	1	"{""蓝铁粉末"": ""2"", ""砂叶粉末"": ""1""}"	"{""致密蓝铁粉末"": ""1""}"	"[""1"", ""1"", ""1""]"	"[""1""]"
M128	130	研磨机	研磨-致密蓝铁	92	1	1	24	3	1	"{""蓝铁粉末"": ""2"", ""砂叶粉末"": ""1""}"	"{""致密蓝铁粉末"": ""1""}"	"[""1"", ""1"", ""1""]"	"[""1""]"
M129	131	研磨机	研磨-致密蓝铁	92	1	1	24	3	1	"{""蓝铁粉末"": ""2"", ""砂叶粉末"": ""1""}"	"{""致密蓝铁粉末"": ""1""}"	"[""1"", ""1"", ""1""]"	"[""1""]"
M130	132	研磨机	研磨-致密蓝铁	92	1	1	24	3	1	"{""蓝铁粉末"": ""2"", ""砂叶粉末"": ""1""}"	"{""致密蓝铁粉末"": ""1""}"	"[""1"", ""1"", ""1""]"	"[""1""]"
M131	133	研磨机	研磨-致密蓝铁	92	1	1	24	3	1	"{""蓝铁粉末"": ""2"", ""砂叶粉末"": ""1""}"	"{""致密蓝铁粉末"": ""1""}"	"[""1"", ""1"", ""1""]"	"[""1""]"
M132	134	研磨机	研磨-致密蓝铁	92	1	1	24	3	1	"{""蓝铁粉末"": ""2"", ""砂叶粉末"": ""1""}"	"{""致密蓝铁粉末"": ""1""}"	"[""1"", ""1"", ""1""]"	"[""1""]"
M133	135	研磨机	研磨-致密蓝铁	92	1	1	24	3	1	"{""蓝铁粉末"": ""2"", ""砂叶粉末"": ""1""}"	"{""致密蓝铁粉末"": ""1""}"	"[""1"", ""1"", ""1""]"	"[""1""]"
M134	136	研磨机	研磨-致密蓝铁	92	1	1	24	3	1	"{""蓝铁粉末"": ""2"", ""砂叶粉末"": ""1""}"	"{""致密蓝铁粉末"": ""1""}"	"[""1"", ""1"", ""1""]"	"[""1""]"
M135	137	研磨机	研磨-致密蓝铁	92	1	1	24	3	1	"{""蓝铁粉末"": ""2"", ""砂叶粉末"": ""1""}"	"{""致密蓝铁粉末"": ""1""}"	"[""1"", ""1"", ""1""]"	"[""1""]"
M136	138	研磨机	研磨-致密蓝铁	92	1	1	24	3	1	"{""蓝铁粉末"": ""2"", ""砂叶粉末"": ""1""}"	"{""致密蓝铁粉末"": ""1""}"	"[""1"", ""1"", ""1""]"	"[""1""]"
M137	139	研磨机	研磨-致密源石	93	1	1	24	3	1	"{""源石粉末"": ""2"", ""砂叶粉末"": ""1""}"	"{""致密源石粉末"": ""1""}"	"[""1"", ""1"", ""1""]"	"[""1""]"
M138	140	研磨机	研磨-致密源石	93	1	1	24	3	1	"{""源石粉末"": ""2"", ""砂叶粉末"": ""1""}"	"{""致密源石粉末"": ""1""}"	"[""1"", ""1"", ""1""]"	"[""1""]"
M139	141	研磨机	研磨-致密源石	93	1	1	24	3	1	"{""源石粉末"": ""2"", ""砂叶粉末"": ""1""}"	"{""致密源石粉末"": ""1""}"	"[""1"", ""1"", ""1""]"	"[""1""]"
M140	142	研磨机	研磨-致密源石	93	1	1	24	3	1	"{""源石粉末"": ""2"", ""砂叶粉末"": ""1""}"	"{""致密源石粉末"": ""1""}"	"[""1"", ""1"", ""1""]"	"[""1""]"
M141	143	研磨机	研磨-致密源石	93	1	1	24	3	1	"{""源石粉末"": ""2"", ""砂叶粉末"": ""1""}"	"{""致密源石粉末"": ""1""}"	"[""1"", ""1"", ""1""]"	"[""1""]"
M142	144	研磨机	研磨-致密源石	93	1	1	24	3	1	"{""源石粉末"": ""2"", ""砂叶粉末"": ""1""}"	"{""致密源石粉末"": ""1""}"	"[""1"", ""1"", ""1""]"	"[""1""]"
M143	145	研磨机	研磨-致密源石	93	1	1	24	3	1	"{""源石粉末"": ""2"", ""砂叶粉末"": ""1""}"	"{""致密源石粉末"": ""1""}"	"[""1"", ""1"", ""1""]"	"[""1""]"
M144	146	研磨机	研磨-致密源石	93	1	1	24	3	1	"{""源石粉末"": ""2"", ""砂叶粉末"": ""1""}"	"{""致密源石粉末"": ""1""}"	"[""1"", ""1"", ""1""]"	"[""1""]"
M145	147	研磨机	研磨-致密源石	93	1	1	24	3	1	"{""源石粉末"": ""2"", ""砂叶粉末"": ""1""}"	"{""致密源石粉末"": ""1""}"	"[""1"", ""1"", ""1""]"	"[""1""]"
M146	148	研磨机	研磨-细磨荞花	94	1	1	24	3	1	"{""荞花粉末"": ""2"", ""砂叶粉末"": ""1""}"	"{""细磨荞花粉末"": ""1""}"	"[""1"", ""1"", ""1""]"	"[""1""]"
M147	149	研磨机	研磨-细磨荞花	94	1	1	24	3	1	"{""荞花粉末"": ""2"", ""砂叶粉末"": ""1""}"	"{""细磨荞花粉末"": ""1""}"	"[""1"", ""1"", ""1""]"	"[""1""]"
M148	150	研磨机	研磨-细磨荞花	94	1	1	24	3	1	"{""荞花粉末"": ""2"", ""砂叶粉末"": ""1""}"	"{""细磨荞花粉末"": ""1""}"	"[""1"", ""1"", ""1""]"	"[""1""]"
M149	151	研磨机	研磨-细磨荞花	94	1	1	24	3	1	"{""荞花粉末"": ""2"", ""砂叶粉末"": ""1""}"	"{""细磨荞花粉末"": ""1""}"	"[""1"", ""1"", ""1""]"	"[""1""]"
M150	152	研磨机	研磨-细磨荞花	94	1	1	24	4	1	"{""荞花粉末"": ""2"", ""砂叶粉末"": ""1""}"	"{""细磨荞花粉末"": ""1""}"	"[""1/2"", ""1/2"", ""1"", ""1""]"	"[""1""]"
M151	153	研磨机	研磨-细磨荞花	94	1/2	1/2	24	2	1	"{""荞花粉末"": ""1"", ""砂叶粉末"": ""1/2""}"	"{""细磨荞花粉末"": ""1/2""}"	"[""1/2"", ""1""]"	"[""1/2""]"
M152	154	塑形机	塑形-钢质瓶	97	1	1	9	2	1	"{""钢块"": ""2""}"	"{""钢质瓶"": ""1""}"	"[""1"", ""1""]"	"[""1""]"
M153	155	塑形机	塑形-钢质瓶	97	1	1	9	2	1	"{""钢块"": ""2""}"	"{""钢质瓶"": ""1""}"	"[""1"", ""1""]"	"[""1""]"
M154	156	塑形机	塑形-钢质瓶	97	1	1	9	2	1	"{""钢块"": ""2""}"	"{""钢质瓶"": ""1""}"	"[""1"", ""1""]"	"[""1""]"
M155	157	塑形机	塑形-钢质瓶	97	1	1	9	2	1	"{""钢块"": ""2""}"	"{""钢质瓶"": ""1""}"	"[""1"", ""1""]"	"[""1""]"
M156	158	塑形机	塑形-钢质瓶	97	1	1	9	2	1	"{""钢块"": ""2""}"	"{""钢质瓶"": ""1""}"	"[""1"", ""1""]"	"[""1""]"
M157	159	塑形机	塑形-钢质瓶	97	1/2	1/2	9	1	1	"{""钢块"": ""1""}"	"{""钢质瓶"": ""1/2""}"	"[""1""]"	"[""1/2""]"
M158	160	配件机	配件-钢制零件	100	1	1	9	1	1	"{""钢块"": ""1""}"	"{""钢制零件"": ""1""}"	"[""1""]"	"[""1""]"
M159	161	配件机	配件-钢制零件	100	1	1	9	1	1	"{""钢块"": ""1""}"	"{""钢制零件"": ""1""}"	"[""1""]"	"[""1""]"
M160	162	配件机	配件-钢制零件	100	1	1	9	1	1	"{""钢块"": ""1""}"	"{""钢制零件"": ""1""}"	"[""1""]"	"[""1""]"
M161	163	配件机	配件-钢制零件	100	1	1	9	1	1	"{""钢块"": ""1""}"	"{""钢制零件"": ""1""}"	"[""1""]"	"[""1""]"
M162	164	配件机	配件-钢制零件	100	1	1	9	1	1	"{""钢块"": ""1""}"	"{""钢制零件"": ""1""}"	"[""1""]"	"[""1""]"
M163	165	配件机	配件-钢制零件	100	1	1	9	1	1	"{""钢块"": ""1""}"	"{""钢制零件"": ""1""}"	"[""1""]"	"[""1""]"
M164	166	种植机	种植-荞花	103	1	1	25	1	1	"{""荞花种子"": ""1""}"	"{""荞花"": ""1""}"	"[""1""]"	"[""1""]"
M165	167	种植机	种植-荞花	103	1	1	25	1	1	"{""荞花种子"": ""1""}"	"{""荞花"": ""1""}"	"[""1""]"	"[""1""]"
M166	168	种植机	种植-荞花	103	1	1	25	1	1	"{""荞花种子"": ""1""}"	"{""荞花"": ""1""}"	"[""1""]"	"[""1""]"
M167	169	种植机	种植-荞花	103	1	1	25	1	1	"{""荞花种子"": ""1""}"	"{""荞花"": ""1""}"	"[""1""]"	"[""1""]"
M168	170	种植机	种植-荞花	103	1	1	25	1	1	"{""荞花种子"": ""1""}"	"{""荞花"": ""1""}"	"[""1""]"	"[""1""]"
M169	171	种植机	种植-荞花	103	1	1	25	1	1	"{""荞花种子"": ""1""}"	"{""荞花"": ""1""}"	"[""1""]"	"[""1""]"
M170	172	种植机	种植-荞花	103	1	1	25	1	1	"{""荞花种子"": ""1""}"	"{""荞花"": ""1""}"	"[""1""]"	"[""1""]"
M171	173	种植机	种植-荞花	103	1	1	25	1	1	"{""荞花种子"": ""1""}"	"{""荞花"": ""1""}"	"[""1""]"	"[""1""]"
M172	174	种植机	种植-荞花	103	1	1	25	1	1	"{""荞花种子"": ""1""}"	"{""荞花"": ""1""}"	"[""1""]"	"[""1""]"
M173	175	种植机	种植-荞花	103	1	1	25	1	1	"{""荞花种子"": ""1""}"	"{""荞花"": ""1""}"	"[""1""]"	"[""1""]"
M174	176	种植机	种植-荞花	103	1	1	25	1	2	"{""荞花种子"": ""1""}"	"{""荞花"": ""1""}"	"[""1""]"	"[""1/2"", ""1/2""]"
M175	177	种植机	种植-砂叶	104	1	1	25	1	1	"{""砂叶种子"": ""1""}"	"{""砂叶"": ""1""}"	"[""1""]"	"[""1""]"
M176	178	种植机	种植-砂叶	104	1	1	25	1	1	"{""砂叶种子"": ""1""}"	"{""砂叶"": ""1""}"	"[""1""]"	"[""1""]"
M177	179	种植机	种植-砂叶	104	1	1	25	1	1	"{""砂叶种子"": ""1""}"	"{""砂叶"": ""1""}"	"[""1""]"	"[""1""]"
M178	180	种植机	种植-砂叶	104	1	1	25	1	1	"{""砂叶种子"": ""1""}"	"{""砂叶"": ""1""}"	"[""1""]"	"[""1""]"
M179	181	种植机	种植-砂叶	104	1	1	25	1	1	"{""砂叶种子"": ""1""}"	"{""砂叶"": ""1""}"	"[""1""]"	"[""1""]"
M180	182	种植机	种植-砂叶	104	1	1	25	1	1	"{""砂叶种子"": ""1""}"	"{""砂叶"": ""1""}"	"[""1""]"	"[""1""]"
M181	183	种植机	种植-砂叶	104	1	1	25	1	1	"{""砂叶种子"": ""1""}"	"{""砂叶"": ""1""}"	"[""1""]"	"[""1""]"
M182	184	种植机	种植-砂叶	104	1	1	25	1	1	"{""砂叶种子"": ""1""}"	"{""砂叶"": ""1""}"	"[""1""]"	"[""1""]"
M183	185	种植机	种植-砂叶	104	1	1	25	1	1	"{""砂叶种子"": ""1""}"	"{""砂叶"": ""1""}"	"[""1""]"	"[""1""]"
M184	186	种植机	种植-砂叶	104	1	1	25	1	1	"{""砂叶种子"": ""1""}"	"{""砂叶"": ""1""}"	"[""1""]"	"[""1""]"
M185	187	种植机	种植-砂叶	104	1	1	25	1	1	"{""砂叶种子"": ""1""}"	"{""砂叶"": ""1""}"	"[""1""]"	"[""1""]"
M186	188	种植机	种植-砂叶	104	1	1	25	1	1	"{""砂叶种子"": ""1""}"	"{""砂叶"": ""1""}"	"[""1""]"	"[""1""]"
M187	189	种植机	种植-砂叶	104	1	1	25	1	1	"{""砂叶种子"": ""1""}"	"{""砂叶"": ""1""}"	"[""1""]"	"[""1""]"
M188	190	种植机	种植-砂叶	104	1	1	25	1	1	"{""砂叶种子"": ""1""}"	"{""砂叶"": ""1""}"	"[""1""]"	"[""1""]"
M189	191	种植机	种植-砂叶	104	1	1	25	1	1	"{""砂叶种子"": ""1""}"	"{""砂叶"": ""1""}"	"[""1""]"	"[""1""]"
M190	192	种植机	种植-砂叶	104	1	1	25	1	1	"{""砂叶种子"": ""1""}"	"{""砂叶"": ""1""}"	"[""1""]"	"[""1""]"
M191	193	种植机	种植-砂叶	104	1	1	25	1	1	"{""砂叶种子"": ""1""}"	"{""砂叶"": ""1""}"	"[""1""]"	"[""1""]"
M192	194	种植机	种植-砂叶	104	1	1	25	1	1	"{""砂叶种子"": ""1""}"	"{""砂叶"": ""1""}"	"[""1""]"	"[""1""]"
M193	195	种植机	种植-砂叶	104	1	1	25	1	1	"{""砂叶种子"": ""1""}"	"{""砂叶"": ""1""}"	"[""1""]"	"[""1""]"
M194	196	种植机	种植-砂叶	104	1	1	25	1	1	"{""砂叶种子"": ""1""}"	"{""砂叶"": ""1""}"	"[""1""]"	"[""1""]"
M195	197	种植机	种植-砂叶	104	1	1	25	1	2	"{""砂叶种子"": ""1""}"	"{""砂叶"": ""1""}"	"[""1""]"	"[""1/2"", ""1/2""]"
M196	198	采种机	采种-荞花	107	1	1	25	1	2	"{""荞花"": ""1""}"	"{""荞花种子"": ""2""}"	"[""1""]"	"[""1"", ""1""]"
M197	199	采种机	采种-荞花	107	1	1	25	1	2	"{""荞花"": ""1""}"	"{""荞花种子"": ""2""}"	"[""1""]"	"[""1"", ""1""]"
M198	200	采种机	采种-荞花	107	1	1	25	1	2	"{""荞花"": ""1""}"	"{""荞花种子"": ""2""}"	"[""1""]"	"[""1"", ""1""]"
M199	201	采种机	采种-荞花	107	1	1	25	1	2	"{""荞花"": ""1""}"	"{""荞花种子"": ""2""}"	"[""1""]"	"[""1"", ""1""]"
M200	202	采种机	采种-荞花	107	1	1	25	1	2	"{""荞花"": ""1""}"	"{""荞花种子"": ""2""}"	"[""1""]"	"[""1"", ""1""]"
M201	203	采种机	采种-荞花	107	1/2	1/2	25	1	1	"{""荞花"": ""1/2""}"	"{""荞花种子"": ""1""}"	"[""1/2""]"	"[""1""]"
M202	204	采种机	采种-砂叶	108	1	1	25	1	2	"{""砂叶"": ""1""}"	"{""砂叶种子"": ""2""}"	"[""1""]"	"[""1"", ""1""]"
M203	205	采种机	采种-砂叶	108	1	1	25	1	2	"{""砂叶"": ""1""}"	"{""砂叶种子"": ""2""}"	"[""1""]"	"[""1"", ""1""]"
M204	206	采种机	采种-砂叶	108	1	1	25	1	2	"{""砂叶"": ""1""}"	"{""砂叶种子"": ""2""}"	"[""1""]"	"[""1"", ""1""]"
M205	207	采种机	采种-砂叶	108	1	1	25	1	2	"{""砂叶"": ""1""}"	"{""砂叶种子"": ""2""}"	"[""1""]"	"[""1"", ""1""]"
M206	208	采种机	采种-砂叶	108	1	1	25	1	2	"{""砂叶"": ""1""}"	"{""砂叶种子"": ""2""}"	"[""1""]"	"[""1"", ""1""]"
M207	209	采种机	采种-砂叶	108	1	1	25	1	2	"{""砂叶"": ""1""}"	"{""砂叶种子"": ""2""}"	"[""1""]"	"[""1"", ""1""]"
M208	210	采种机	采种-砂叶	108	1	1	25	1	2	"{""砂叶"": ""1""}"	"{""砂叶种子"": ""2""}"	"[""1""]"	"[""1"", ""1""]"
M209	211	采种机	采种-砂叶	108	1	1	25	1	2	"{""砂叶"": ""1""}"	"{""砂叶种子"": ""2""}"	"[""1""]"	"[""1"", ""1""]"
M210	212	采种机	采种-砂叶	108	1	1	25	1	2	"{""砂叶"": ""1""}"	"{""砂叶种子"": ""2""}"	"[""1""]"	"[""1"", ""1""]"
M211	213	采种机	采种-砂叶	108	1	1	25	1	2	"{""砂叶"": ""1""}"	"{""砂叶种子"": ""2""}"	"[""1""]"	"[""1"", ""1""]"
M212	214	采种机	采种-砂叶	108	1/2	1/2	25	1	1	"{""砂叶"": ""1/2""}"	"{""砂叶种子"": ""1""}"	"[""1/2""]"	"[""1""]"
M213	215	封装机	封装-电池	111	1/5	1	24	5	1	"{""钢制零件"": ""2"", ""致密源石粉末"": ""3""}"	"{""高容谷地电池"": ""1/5""}"	"[""1"", ""1"", ""1"", ""1"", ""1""]"	"[""1/5""]"
M214	216	封装机	封装-电池	111	1/5	1	24	5	1	"{""钢制零件"": ""2"", ""致密源石粉末"": ""3""}"	"{""高容谷地电池"": ""1/5""}"	"[""1"", ""1"", ""1"", ""1"", ""1""]"	"[""1/5""]"
M215	217	封装机	封装-电池	111	1/5	1	24	5	1	"{""钢制零件"": ""2"", ""致密源石粉末"": ""3""}"	"{""高容谷地电池"": ""1/5""}"	"[""1"", ""1"", ""1"", ""1"", ""1""]"	"[""1/5""]"
M216	218	灌装机	灌装-胶囊	114	1/5	1	24	4	1	"{""钢质瓶"": ""2"", ""细磨荞花粉末"": ""2""}"	"{""精选荞愈胶囊"": ""1/5""}"	"[""1"", ""1"", ""1"", ""1""]"	"[""1/5""]"
M217	219	灌装机	灌装-胶囊	114	1/5	1	24	4	1	"{""钢质瓶"": ""2"", ""细磨荞花粉末"": ""2""}"	"{""精选荞愈胶囊"": ""1/5""}"	"[""1"", ""1"", ""1"", ""1""]"	"[""1/5""]"
M218	220	灌装机	灌装-胶囊	114	3/20	3/4	24	4	1	"{""钢质瓶"": ""3/2"", ""细磨荞花粉末"": ""3/2""}"	"{""精选荞愈胶囊"": ""3/20""}"	"[""1"", ""1/2"", ""1"", ""1/2""]"	"[""3/20""]"
