t,unit,event,kind,destination,quantity,cell,layer,trigger
1,output,judge,,,,,1,output
1,b,judge,,,,,1,a
1,machine,receive,b,,,,,
1,b,send,b,machine,,,,
1,a,judge,,,,,1,a
1,sand,judge,,,,,1,a
1,machine,judge,,,,,,
1,sink,judge,,,,,,
1,a_source,judge,,,,,,
1,b_source,judge,,,,,,
1,b,receive,b,,,,,
1,b_source,send,b,b,,,,
1,sand_source,judge,,,,,,
1,sand,receive,sand,,,,,
1,sand_source,send,sand,sand,,,,
2,output,judge,,,,,1,output
2,a,judge,,,,,1,a
2,sand,judge,,,,,1,a
2,b,judge,,,,,1,a
2,machine,judge,,,,,,
2,sink,judge,,,,,,
2,a_source,judge,,,,,,
2,b_source,judge,,,,,,
2,sand_source,judge,,,,,,
3,output,judge,,,,,1,output
3,a,judge,,,,,1,a
3,sand,judge,,,,,1,a
3,b,judge,,,,,1,a
3,machine,judge,,,,,,
3,sink,judge,,,,,,
3,a_source,judge,,,,,,
3,b_source,judge,,,,,,
3,sand_source,judge,,,,,,
4,output,judge,,,,,1,output
4,a,judge,,,,,1,a
4,sand,judge,,,,,1,a
4,b,judge,,,,,1,a
4,machine,judge,,,,,,
4,sink,judge,,,,,,
4,a_source,judge,,,,,,
4,b_source,judge,,,,,,
4,sand_source,judge,,,,,,
5,output,judge,,,,,1,output
5,a,judge,,,,,1,a
5,sand,judge,,,,,1,a
5,b,judge,,,,,1,a
5,machine,judge,,,,,,
5,sink,judge,,,,,,
5,a_source,judge,,,,,,
5,b_source,judge,,,,,,
5,sand_source,judge,,,,,,
6,output,judge,,,,,1,output
6,a,judge,,,,,1,a
6,sand,judge,,,,,1,a
6,b,judge,,,,,1,a
6,machine,judge,,,,,,
6,sink,judge,,,,,,
6,a_source,judge,,,,,,
6,b_source,judge,,,,,,
6,sand_source,judge,,,,,,
7,output,judge,,,,,1,output
7,a,judge,,,,,1,a
7,sand,judge,,,,,1,a
7,b,judge,,,,,1,a
7,machine,judge,,,,,,
7,sink,judge,,,,,,
7,a_source,judge,,,,,,
7,b_source,judge,,,,,,
7,sand_source,judge,,,,,,
8,output,judge,,,,,1,output
8,a,judge,,,,,1,a
8,sand,judge,,,,,1,a
8,b,judge,,,,,1,a
8,machine,judge,,,,,,
8,sink,judge,,,,,,
8,a_source,judge,,,,,,
8,b_source,judge,,,,,,
8,sand_source,judge,,,,,,
9,output,judge,,,,,1,output
9,a,judge,,,,,1,a
9,sand,judge,,,,,1,a
9,b,judge,,,,,1,a
9,machine,receive,b,,,,,
9,b,send,b,machine,,,,
9,machine,judge,,,,,,
9,sink,judge,,,,,,
9,a_source,judge,,,,,,
9,b_source,judge,,,,,,
9,b,receive,b,,,,,
9,b_source,send,b,b,,,,
9,sand_source,judge,,,,,,
9,machine,start,b,,,,,
10,output,judge,,,,,1,output
10,a,judge,,,,,1,a
10,machine,receive,a,,,,,
10,a,send,a,machine,,,,
10,sand,judge,,,,,1,a
10,machine,receive,sand,,,,,
10,sand,send,sand,machine,,,,
10,b,judge,,,,,1,a
10,machine,judge,,,,,,
10,sink,judge,,,,,,
10,a_source,judge,,,,,,
10,a,receive,a,,,,,
10,a_source,send,a,a,,,,
10,b_source,judge,,,,,,
10,sand_source,judge,,,,,,
10,sand,receive,sand,,,,,
10,sand_source,send,sand,sand,,,,
11,output,judge,,,,,1,output
11,b,judge,,,,,1,a
11,a,judge,,,,,1,a
11,sand,judge,,,,,1,a
11,machine,judge,,,,,,
11,sink,judge,,,,,,
11,a_source,judge,,,,,,
11,b_source,judge,,,,,,
11,sand_source,judge,,,,,,
12,output,judge,,,,,1,output
12,b,judge,,,,,1,a
12,a,judge,,,,,1,a
12,sand,judge,,,,,1,a
12,machine,judge,,,,,,
12,sink,judge,,,,,,
12,a_source,judge,,,,,,
12,b_source,judge,,,,,,
12,sand_source,judge,,,,,,
13,output,judge,,,,,1,output
13,b,judge,,,,,1,a
13,a,judge,,,,,1,a
13,sand,judge,,,,,1,a
13,machine,judge,,,,,,
13,sink,judge,,,,,,
13,a_source,judge,,,,,,
13,b_source,judge,,,,,,
13,sand_source,judge,,,,,,
14,output,judge,,,,,1,output
14,b,judge,,,,,1,a
14,a,judge,,,,,1,a
14,sand,judge,,,,,1,a
14,machine,judge,,,,,,
14,sink,judge,,,,,,
14,a_source,judge,,,,,,
14,b_source,judge,,,,,,
14,sand_source,judge,,,,,,
15,output,judge,,,,,1,output
15,b,judge,,,,,1,a
15,a,judge,,,,,1,a
15,sand,judge,,,,,1,a
15,machine,judge,,,,,,
15,sink,judge,,,,,,
15,a_source,judge,,,,,,
15,b_source,judge,,,,,,
15,sand_source,judge,,,,,,
16,output,judge,,,,,1,output
16,b,judge,,,,,1,a
16,a,judge,,,,,1,a
16,sand,judge,,,,,1,a
16,machine,judge,,,,,,
16,sink,judge,,,,,,
16,a_source,judge,,,,,,
16,b_source,judge,,,,,,
16,sand_source,judge,,,,,,
17,machine,finish,b,,,,,
17,machine,cache_to_output,B,,1,,,
17,output,judge,,,,,1,output
17,b,judge,,,,,1,a
17,a,judge,,,,,1,a
17,sand,judge,,,,,1,a
17,machine,judge,,,,,,
17,output,receive,B,,,,,
17,machine,send,B,output,,,,
17,sink,judge,,,,,,
17,a_source,judge,,,,,,
17,b_source,judge,,,,,,
17,sand_source,judge,,,,,,
18,output,judge,,,,,1,output
18,b,judge,,,,,1,a
18,a,judge,,,,,1,a
18,machine,receive,a,,,,,
18,a,send,a,machine,,,,
18,sand,judge,,,,,1,a
18,machine,judge,,,,,,
18,sink,judge,,,,,,
18,a_source,judge,,,,,,
18,a,receive,a,,,,,
18,a_source,send,a,a,,,,
18,b_source,judge,,,,,,
18,sand_source,judge,,,,,,
18,machine,start,a,,,,,
19,output,judge,,,,,1,output
19,sand,judge,,,,,1,a
19,machine,receive,sand,,,,,
19,sand,send,sand,machine,,,,
19,b,judge,,,,,1,a
19,machine,receive,b,,,,,
19,b,send,b,machine,,,,
19,a,judge,,,,,1,a
19,machine,judge,,,,,,
19,sink,judge,,,,,,
19,a_source,judge,,,,,,
19,b_source,judge,,,,,,
19,b,receive,b,,,,,
19,b_source,send,b,b,,,,
19,sand_source,judge,,,,,,
19,sand,receive,sand,,,,,
19,sand_source,send,sand,sand,,,,
20,output,judge,,,,,1,output
20,a,judge,,,,,1,a
20,sand,judge,,,,,1,a
20,b,judge,,,,,1,a
20,machine,judge,,,,,,
20,sink,judge,,,,,,
20,a_source,judge,,,,,,
20,b_source,judge,,,,,,
20,sand_source,judge,,,,,,
21,output,judge,,,,,1,output
21,a,judge,,,,,1,a
21,sand,judge,,,,,1,a
21,b,judge,,,,,1,a
21,machine,judge,,,,,,
21,sink,judge,,,,,,
21,a_source,judge,,,,,,
21,b_source,judge,,,,,,
21,sand_source,judge,,,,,,
22,output,judge,,,,,1,output
22,a,judge,,,,,1,a
22,sand,judge,,,,,1,a
22,b,judge,,,,,1,a
22,machine,judge,,,,,,
22,sink,judge,,,,,,
22,a_source,judge,,,,,,
22,b_source,judge,,,,,,
22,sand_source,judge,,,,,,
23,output,judge,,,,,1,output
23,a,judge,,,,,1,a
23,sand,judge,,,,,1,a
23,b,judge,,,,,1,a
23,machine,judge,,,,,,
23,sink,judge,,,,,,
23,a_source,judge,,,,,,
23,b_source,judge,,,,,,
23,sand_source,judge,,,,,,
24,output,judge,,,,,1,output
24,a,judge,,,,,1,a
24,sand,judge,,,,,1,a
24,b,judge,,,,,1,a
24,machine,judge,,,,,,
24,sink,judge,,,,,,
24,a_source,judge,,,,,,
24,b_source,judge,,,,,,
24,sand_source,judge,,,,,,
25,output,judge,,,,,1,output
25,sink,receive,B,,,,,
25,output,send,B,sink,,,,
25,a,judge,,,,,1,a
25,sand,judge,,,,,1,a
25,b,judge,,,,,1,a
25,machine,judge,,,,,,
25,sink,judge,,,,,,
25,a_source,judge,,,,,,
25,b_source,judge,,,,,,
25,sand_source,judge,,,,,,
26,machine,finish,a,,,,,
26,machine,cache_to_output,A,,1,,,
26,output,judge,,,,,1,output
26,a,judge,,,,,1,a
26,sand,judge,,,,,1,a
26,b,judge,,,,,1,a
26,machine,judge,,,,,,
26,output,receive,A,,,,,
26,machine,send,A,output,,,,
26,sink,judge,,,,,,
26,a_source,judge,,,,,,
26,b_source,judge,,,,,,
26,sand_source,judge,,,,,,
27,output,judge,,,,,1,output
27,a,judge,,,,,1,a
27,sand,judge,,,,,1,a
27,b,judge,,,,,1,a
27,machine,receive,b,,,,,
27,b,send,b,machine,,,,
27,machine,judge,,,,,,
27,sink,judge,,,,,,
27,a_source,judge,,,,,,
27,b_source,judge,,,,,,
27,b,receive,b,,,,,
27,b_source,send,b,b,,,,
27,sand_source,judge,,,,,,
27,machine,start,b,,,,,
28,output,judge,,,,,1,output
28,a,judge,,,,,1,a
28,machine,receive,a,,,,,
28,a,send,a,machine,,,,
28,sand,judge,,,,,1,a
28,machine,receive,sand,,,,,
28,sand,send,sand,machine,,,,
28,b,judge,,,,,1,a
28,machine,judge,,,,,,
28,sink,judge,,,,,,
28,a_source,judge,,,,,,
28,a,receive,a,,,,,
28,a_source,send,a,a,,,,
28,b_source,judge,,,,,,
28,sand_source,judge,,,,,,
28,sand,receive,sand,,,,,
28,sand_source,send,sand,sand,,,,
29,output,judge,,,,,1,output
29,b,judge,,,,,1,a
29,a,judge,,,,,1,a
29,sand,judge,,,,,1,a
29,machine,judge,,,,,,
29,sink,judge,,,,,,
29,a_source,judge,,,,,,
29,b_source,judge,,,,,,
29,sand_source,judge,,,,,,
30,output,judge,,,,,1,output
30,b,judge,,,,,1,a
30,a,judge,,,,,1,a
30,sand,judge,,,,,1,a
30,machine,judge,,,,,,
30,sink,judge,,,,,,
30,a_source,judge,,,,,,
30,b_source,judge,,,,,,
30,sand_source,judge,,,,,,
31,output,judge,,,,,1,output
31,b,judge,,,,,1,a
31,a,judge,,,,,1,a
31,sand,judge,,,,,1,a
31,machine,judge,,,,,,
31,sink,judge,,,,,,
31,a_source,judge,,,,,,
31,b_source,judge,,,,,,
31,sand_source,judge,,,,,,
32,output,judge,,,,,1,output
32,b,judge,,,,,1,a
32,a,judge,,,,,1,a
32,sand,judge,,,,,1,a
32,machine,judge,,,,,,
32,sink,judge,,,,,,
32,a_source,judge,,,,,,
32,b_source,judge,,,,,,
32,sand_source,judge,,,,,,
33,output,judge,,,,,1,output
33,b,judge,,,,,1,a
33,a,judge,,,,,1,a
33,sand,judge,,,,,1,a
33,machine,judge,,,,,,
33,sink,judge,,,,,,
33,a_source,judge,,,,,,
33,b_source,judge,,,,,,
33,sand_source,judge,,,,,,
34,output,judge,,,,,1,output
34,sink,receive,A,,,,,
34,output,send,A,sink,,,,
34,b,judge,,,,,1,a
34,a,judge,,,,,1,a
34,sand,judge,,,,,1,a
34,machine,judge,,,,,,
34,sink,judge,,,,,,
34,a_source,judge,,,,,,
34,b_source,judge,,,,,,
34,sand_source,judge,,,,,,
35,machine,finish,b,,,,,
35,machine,cache_to_output,B,,1,,,
35,output,judge,,,,,1,output
35,b,judge,,,,,1,a
35,a,judge,,,,,1,a
35,sand,judge,,,,,1,a
35,machine,judge,,,,,,
35,output,receive,B,,,,,
35,machine,send,B,output,,,,
35,sink,judge,,,,,,
35,a_source,judge,,,,,,
35,b_source,judge,,,,,,
35,sand_source,judge,,,,,,
36,output,judge,,,,,1,output
36,b,judge,,,,,1,a
36,a,judge,,,,,1,a
36,machine,receive,a,,,,,
36,a,send,a,machine,,,,
36,sand,judge,,,,,1,a
36,machine,judge,,,,,,
36,sink,judge,,,,,,
36,a_source,judge,,,,,,
36,a,receive,a,,,,,
36,a_source,send,a,a,,,,
36,b_source,judge,,,,,,
36,sand_source,judge,,,,,,
36,machine,start,a,,,,,
37,output,judge,,,,,1,output
37,sand,judge,,,,,1,a
37,machine,receive,sand,,,,,
37,sand,send,sand,machine,,,,
37,b,judge,,,,,1,a
37,machine,receive,b,,,,,
37,b,send,b,machine,,,,
37,a,judge,,,,,1,a
37,machine,judge,,,,,,
37,sink,judge,,,,,,
37,a_source,judge,,,,,,
37,b_source,judge,,,,,,
37,b,receive,b,,,,,
37,b_source,send,b,b,,,,
37,sand_source,judge,,,,,,
37,sand,receive,sand,,,,,
37,sand_source,send,sand,sand,,,,
38,output,judge,,,,,1,output
38,a,judge,,,,,1,a
38,sand,judge,,,,,1,a
38,b,judge,,,,,1,a
38,machine,judge,,,,,,
38,sink,judge,,,,,,
38,a_source,judge,,,,,,
38,b_source,judge,,,,,,
38,sand_source,judge,,,,,,
39,output,judge,,,,,1,output
39,a,judge,,,,,1,a
39,sand,judge,,,,,1,a
39,b,judge,,,,,1,a
39,machine,judge,,,,,,
39,sink,judge,,,,,,
39,a_source,judge,,,,,,
39,b_source,judge,,,,,,
39,sand_source,judge,,,,,,
40,output,judge,,,,,1,output
40,a,judge,,,,,1,a
40,sand,judge,,,,,1,a
40,b,judge,,,,,1,a
40,machine,judge,,,,,,
40,sink,judge,,,,,,
40,a_source,judge,,,,,,
40,b_source,judge,,,,,,
40,sand_source,judge,,,,,,
41,output,judge,,,,,1,output
41,a,judge,,,,,1,a
41,sand,judge,,,,,1,a
41,b,judge,,,,,1,a
41,machine,judge,,,,,,
41,sink,judge,,,,,,
41,a_source,judge,,,,,,
41,b_source,judge,,,,,,
41,sand_source,judge,,,,,,
42,output,judge,,,,,1,output
42,a,judge,,,,,1,a
42,sand,judge,,,,,1,a
42,b,judge,,,,,1,a
42,machine,judge,,,,,,
42,sink,judge,,,,,,
42,a_source,judge,,,,,,
42,b_source,judge,,,,,,
42,sand_source,judge,,,,,,
43,output,judge,,,,,1,output
43,sink,receive,B,,,,,
43,output,send,B,sink,,,,
43,a,judge,,,,,1,a
43,sand,judge,,,,,1,a
43,b,judge,,,,,1,a
43,machine,judge,,,,,,
43,sink,judge,,,,,,
43,a_source,judge,,,,,,
43,b_source,judge,,,,,,
43,sand_source,judge,,,,,,
44,machine,finish,a,,,,,
44,machine,cache_to_output,A,,1,,,
44,output,judge,,,,,1,output
44,a,judge,,,,,1,a
44,sand,judge,,,,,1,a
44,b,judge,,,,,1,a
44,machine,judge,,,,,,
44,output,receive,A,,,,,
44,machine,send,A,output,,,,
44,sink,judge,,,,,,
44,a_source,judge,,,,,,
44,b_source,judge,,,,,,
44,sand_source,judge,,,,,,
45,output,judge,,,,,1,output
45,a,judge,,,,,1,a
45,sand,judge,,,,,1,a
45,b,judge,,,,,1,a
45,machine,receive,b,,,,,
45,b,send,b,machine,,,,
45,machine,judge,,,,,,
45,sink,judge,,,,,,
45,a_source,judge,,,,,,
45,b_source,judge,,,,,,
45,b,receive,b,,,,,
45,b_source,send,b,b,,,,
45,sand_source,judge,,,,,,
45,machine,start,b,,,,,
46,output,judge,,,,,1,output
46,a,judge,,,,,1,a
46,machine,receive,a,,,,,
46,a,send,a,machine,,,,
46,sand,judge,,,,,1,a
46,machine,receive,sand,,,,,
46,sand,send,sand,machine,,,,
46,b,judge,,,,,1,a
46,machine,judge,,,,,,
46,sink,judge,,,,,,
46,a_source,judge,,,,,,
46,a,receive,a,,,,,
46,a_source,send,a,a,,,,
46,b_source,judge,,,,,,
46,sand_source,judge,,,,,,
46,sand,receive,sand,,,,,
46,sand_source,send,sand,sand,,,,
47,output,judge,,,,,1,output
47,b,judge,,,,,1,a
47,a,judge,,,,,1,a
47,sand,judge,,,,,1,a
47,machine,judge,,,,,,
47,sink,judge,,,,,,
47,a_source,judge,,,,,,
47,b_source,judge,,,,,,
47,sand_source,judge,,,,,,
48,output,judge,,,,,1,output
48,b,judge,,,,,1,a
48,a,judge,,,,,1,a
48,sand,judge,,,,,1,a
48,machine,judge,,,,,,
48,sink,judge,,,,,,
48,a_source,judge,,,,,,
48,b_source,judge,,,,,,
48,sand_source,judge,,,,,,
49,output,judge,,,,,1,output
49,b,judge,,,,,1,a
49,a,judge,,,,,1,a
49,sand,judge,,,,,1,a
49,machine,judge,,,,,,
49,sink,judge,,,,,,
49,a_source,judge,,,,,,
49,b_source,judge,,,,,,
49,sand_source,judge,,,,,,
50,output,judge,,,,,1,output
50,b,judge,,,,,1,a
50,a,judge,,,,,1,a
50,sand,judge,,,,,1,a
50,machine,judge,,,,,,
50,sink,judge,,,,,,
50,a_source,judge,,,,,,
50,b_source,judge,,,,,,
50,sand_source,judge,,,,,,
51,output,judge,,,,,1,output
51,b,judge,,,,,1,a
51,a,judge,,,,,1,a
51,sand,judge,,,,,1,a
51,machine,judge,,,,,,
51,sink,judge,,,,,,
51,a_source,judge,,,,,,
51,b_source,judge,,,,,,
51,sand_source,judge,,,,,,
52,output,judge,,,,,1,output
52,sink,receive,A,,,,,
52,output,send,A,sink,,,,
52,b,judge,,,,,1,a
52,a,judge,,,,,1,a
52,sand,judge,,,,,1,a
52,machine,judge,,,,,,
52,sink,judge,,,,,,
52,a_source,judge,,,,,,
52,b_source,judge,,,,,,
52,sand_source,judge,,,,,,
53,machine,finish,b,,,,,
53,machine,cache_to_output,B,,1,,,
53,output,judge,,,,,1,output
53,b,judge,,,,,1,a
53,a,judge,,,,,1,a
53,sand,judge,,,,,1,a
53,machine,judge,,,,,,
53,output,receive,B,,,,,
53,machine,send,B,output,,,,
53,sink,judge,,,,,,
53,a_source,judge,,,,,,
53,b_source,judge,,,,,,
53,sand_source,judge,,,,,,
54,output,judge,,,,,1,output
54,b,judge,,,,,1,a
54,a,judge,,,,,1,a
54,machine,receive,a,,,,,
54,a,send,a,machine,,,,
54,sand,judge,,,,,1,a
54,machine,judge,,,,,,
54,sink,judge,,,,,,
54,a_source,judge,,,,,,
54,a,receive,a,,,,,
54,a_source,send,a,a,,,,
54,b_source,judge,,,,,,
54,sand_source,judge,,,,,,
54,machine,start,a,,,,,
55,output,judge,,,,,1,output
55,sand,judge,,,,,1,a
55,machine,receive,sand,,,,,
55,sand,send,sand,machine,,,,
55,b,judge,,,,,1,a
55,machine,receive,b,,,,,
55,b,send,b,machine,,,,
55,a,judge,,,,,1,a
55,machine,judge,,,,,,
55,sink,judge,,,,,,
55,a_source,judge,,,,,,
55,b_source,judge,,,,,,
55,b,receive,b,,,,,
55,b_source,send,b,b,,,,
55,sand_source,judge,,,,,,
55,sand,receive,sand,,,,,
55,sand_source,send,sand,sand,,,,
56,output,judge,,,,,1,output
56,a,judge,,,,,1,a
56,sand,judge,,,,,1,a
56,b,judge,,,,,1,a
56,machine,judge,,,,,,
56,sink,judge,,,,,,
56,a_source,judge,,,,,,
56,b_source,judge,,,,,,
56,sand_source,judge,,,,,,
57,output,judge,,,,,1,output
57,a,judge,,,,,1,a
57,sand,judge,,,,,1,a
57,b,judge,,,,,1,a
57,machine,judge,,,,,,
57,sink,judge,,,,,,
57,a_source,judge,,,,,,
57,b_source,judge,,,,,,
57,sand_source,judge,,,,,,
58,output,judge,,,,,1,output
58,a,judge,,,,,1,a
58,sand,judge,,,,,1,a
58,b,judge,,,,,1,a
58,machine,judge,,,,,,
58,sink,judge,,,,,,
58,a_source,judge,,,,,,
58,b_source,judge,,,,,,
58,sand_source,judge,,,,,,
59,output,judge,,,,,1,output
59,a,judge,,,,,1,a
59,sand,judge,,,,,1,a
59,b,judge,,,,,1,a
59,machine,judge,,,,,,
59,sink,judge,,,,,,
59,a_source,judge,,,,,,
59,b_source,judge,,,,,,
59,sand_source,judge,,,,,,
60,output,judge,,,,,1,output
60,a,judge,,,,,1,a
60,sand,judge,,,,,1,a
60,b,judge,,,,,1,a
60,machine,judge,,,,,,
60,sink,judge,,,,,,
60,a_source,judge,,,,,,
60,b_source,judge,,,,,,
60,sand_source,judge,,,,,,
