编号	单位	配方	左下角x	左下角y	右上角x	右上角y	存货边方向	计划来路	已接来路	计划去路	已接去路	是否供电
T1	精炼炉	精炼-蓝铁矿	58	2	60	4	下	1	1	1	0	是
KB1	粉碎机	粉碎-蓝铁块	58	12	60	14	下	1	0	1	0	是
T2	精炼炉	精炼-蓝铁矿	61	2	63	4	下	1	1	1	1	是
KB2	粉碎机	粉碎-蓝铁块	60	5	62	7	右	1	1	1	0	是
T3	精炼炉	精炼-蓝铁矿	64	2	66	4	下	1	1	1	1	是
KB3	粉碎机	粉碎-蓝铁块	66	9	68	11	下	1	1	1	1	是
T4	精炼炉	精炼-蓝铁矿	67	2	69	4	下	1	1	1	1	是
KB4	粉碎机	粉碎-蓝铁块	67	6	69	8	下	1	1	1	1	是
T5	精炼炉	精炼-蓝铁矿	2	4	4	6	左	1	1	1	1	是
KB5	粉碎机	粉碎-蓝铁块	7	2	9	4	左	1	1	1	0	是
T6	精炼炉	精炼-蓝铁矿	5	17	7	19	下	1	0	1	1	是
KB6	粉碎机	粉碎-蓝铁块	2	23	4	25	下	1	1	1	0	是
T7	精炼炉	精炼-蓝铁矿	13	28	15	30	右	1	0	1	1	是
KB7	粉碎机	粉碎-蓝铁块	7	27	9	29	右	1	1	1	1	是
T8	精炼炉	精炼-蓝铁矿	1	1	3	3	上	1	1	1	0	是
KB8	粉碎机	粉碎-蓝铁块	2	29	4	31	左	1	0	1	1	是
T9	精炼炉	精炼-蓝铁矿	17	2	19	4	下	1	1	1	1	是
KB9	粉碎机	粉碎-蓝铁块	18	5	20	7	左	1	1	1	1	是
T10	精炼炉	精炼-蓝铁矿	20	2	22	4	下	1	1	1	0	是
KB10	粉碎机	粉碎-蓝铁块	14	6	16	8	左	1	0	1	1	是
T11	精炼炉	精炼-蓝铁矿	23	2	25	4	下	1	1	1	1	是
KB11	粉碎机	粉碎-蓝铁块	24	5	26	7	左	1	1	1	0	是
T12	精炼炉	精炼-蓝铁矿	22	16	24	18	右	1	0	1	1	是
KB12	粉碎机	粉碎-蓝铁块	21	13	23	15	上	1	1	1	0	是
T13	精炼炉	精炼-蓝铁矿	2	7	4	9	下	1	0	1	1	是
KB13	粉碎机	粉碎-蓝铁块	4	10	6	12	左	1	1	1	1	是
T14	精炼炉	精炼-蓝铁矿	1	26	3	28	上	1	1	1	0	是
KB14	粉碎机	粉碎-蓝铁块	5	7	7	9	下	1	0	1	1	是
T15	精炼炉	精炼-蓝铁矿	2	14	4	16	左	1	1	1	1	是
KB15	粉碎机	粉碎-蓝铁块	8	17	10	19	下	1	1	1	1	是
T16	精炼炉	精炼-蓝铁矿	4	26	6	28	左	1	0	1	1	是
KB16	粉碎机	粉碎-蓝铁块	5	23	7	25	上	1	1	1	1	是
T17	精炼炉	精炼-蓝铁矿	1	20	3	22	上	1	1	1	1	是
KB17	粉碎机	粉碎-蓝铁块	2	17	4	19	左	1	1	1	0	是
T18	精炼炉	精炼-蓝铁矿	60	67	62	69	左	1	0	1	1	是
KB18	粉碎机	粉碎-蓝铁块	61	64	63	66	上	1	1	1	0	是
T19	精炼炉	精炼-蓝铁矿	2	51	4	53	左	1	1	1	0	是
KB19	粉碎机	粉碎-蓝铁块	8	47	10	49	左	1	0	1	0	是
T20	精炼炉	精炼-蓝铁矿	2	48	4	50	左	1	1	1	1	是
KB20	粉碎机	粉碎-蓝铁块	5	45	7	47	上	1	1	1	0	是
T21	精炼炉	精炼-蓝铁矿	1	39	3	41	下	1	0	1	1	是
KB21	粉碎机	粉碎-蓝铁块	2	45	4	47	左	1	1	1	0	是
T22	精炼炉	精炼-蓝铁矿	2	42	4	44	左	1	1	1	1	是
KB22	粉碎机	粉碎-蓝铁块	8	44	10	46	左	1	1	1	1	是
T23	精炼炉	精炼-蓝铁矿	2	54	4	56	左	1	1	1	1	是
KB23	粉碎机	粉碎-蓝铁块	5	51	7	53	上	1	1	1	1	是
T24	精炼炉	精炼-蓝铁矿	2	57	4	59	左	1	1	1	1	是
KB24	粉碎机	粉碎-蓝铁块	5	55	7	57	上	1	1	1	1	是
T25	精炼炉	精炼-蓝铁矿	3	35	5	37	左	1	1	1	1	是
KB25	粉碎机	粉碎-蓝铁块	7	37	9	39	左	1	1	1	1	是
T26	精炼炉	精炼-蓝铁矿	4	38	6	40	左	1	1	1	1	是
KB26	粉碎机	粉碎-蓝铁块	5	41	7	43	下	1	1	1	0	是
T27	精炼炉	精炼-蓝铁矿	2	60	4	62	左	1	1	1	1	是
KB27	粉碎机	粉碎-蓝铁块	6	58	8	60	左	1	1	1	0	是
T28	精炼炉	精炼-蓝铁矿	5	64	7	66	上	1	1	1	0	是
KB28	粉碎机	粉碎-蓝铁块	18	62	20	64	左	1	0	1	1	是
T29	精炼炉	精炼-蓝铁矿	46	2	48	4	下	1	1	1	1	是
KB29	粉碎机	粉碎-蓝铁块	47	6	49	8	下	1	1	1	1	是
T30	精炼炉	精炼-蓝铁矿	49	2	51	4	下	1	1	1	1	是
KB30	粉碎机	粉碎-蓝铁块	50	6	52	8	下	1	1	1	0	是
T31	精炼炉	精炼-蓝铁矿	52	2	54	4	下	1	1	1	1	是
KB31	粉碎机	粉碎-蓝铁块	53	5	55	7	左	1	1	1	1	是
T32	精炼炉	精炼-蓝铁矿	55	2	57	4	下	1	1	1	1	是
KB32	粉碎机	粉碎-蓝铁块	57	7	59	9	下	1	1	1	1	是
T33	精炼炉	精炼-蓝铁矿	2	63	4	65	左	1	1	1	1	是
KB33	粉碎机	粉碎-蓝铁块	7	61	9	63	左	1	1	1	1	是
T34	精炼炉	精炼-蓝铁矿	2	66	4	68	左	1	1	1	1	是
KB34	粉碎机	粉碎-蓝铁块	7	67	9	69	左	1	1	1	1	是
U1	粉碎机	粉碎-源矿	60	22	62	24	左	1	1	1	1	是
U2	粉碎机	粉碎-源矿	63	24	65	26	下	1	1	1	1	是
U3	粉碎机	粉碎-源矿	49	31	51	33	下	1	0	1	1	是
U4	粉碎机	粉碎-源矿	47	36	49	38	下	1	0	1	1	是
U5	粉碎机	粉碎-源矿	53	32	55	34	下	1	1	1	1	是
U6	粉碎机	粉碎-源矿	47	26	49	28	下	1	1	1	1	是
U7	粉碎机	粉碎-源矿	14	3	16	5	右	1	0	1	1	是
U8	粉碎机	粉碎-源矿	11	1	13	3	右	1	1	1	1	是
U9	粉碎机	粉碎-源矿	27	4	29	6	下	1	0	1	1	是
U10	粉碎机	粉碎-源矿	4	1	6	3	右	1	1	1	0	是
U11	粉碎机	粉碎-源矿	1	11	3	13	上	1	1	1	0	是
U12	粉碎机	粉碎-源矿	18	12	20	14	右	1	0	1	1	是
U13	粉碎机	粉碎-源矿	26	1	28	3	右	1	1	1	0	是
U14	粉碎机	粉碎-源矿	30	2	32	4	下	1	1	1	1	是
U15	粉碎机	粉碎-源矿	33	2	35	4	下	1	1	1	1	是
U16	粉碎机	粉碎-源矿	36	2	38	4	下	1	1	1	1	是
U17	粉碎机	粉碎-源矿	40	2	42	4	下	1	1	1	1	是
U18	粉碎机	粉碎-源矿	43	2	45	4	下	1	1	1	1	是
B1	研磨机	研磨-致密蓝铁	60	28	63	33	左	3	0	1	1	是
R1	精炼炉	精炼-致密蓝铁	60	25	62	27	右	1	1	1	0	是
B2	研磨机	研磨-致密蓝铁	64	19	69	22	下	3	2	1	0	是
R2	精炼炉	精炼-致密蓝铁	66	33	68	35	右	1	0	1	1	是
B3	研磨机	研磨-致密蓝铁	12	22	15	27	左	3	1	1	1	是
R3	精炼炉	精炼-致密蓝铁	16	23	18	25	下	1	1	1	1	是
B4	研磨机	研磨-致密蓝铁	5	30	10	33	下	3	3	1	1	是
R4	精炼炉	精炼-致密蓝铁	2	32	4	34	右	1	1	1	0	是
B5	研磨机	研磨-致密蓝铁	17	8	22	11	下	3	3	1	1	是
R5	精炼炉	精炼-致密蓝铁	23	9	25	11	上	1	1	1	0	是
B6	研磨机	研磨-致密蓝铁	30	11	35	14	下	3	1	1	0	是
R6	精炼炉	精炼-致密蓝铁	31	20	33	22	左	1	0	1	1	是
B7	研磨机	研磨-致密蓝铁	9	10	12	15	左	3	3	1	1	是
R7	精炼炉	精炼-致密蓝铁	12	16	14	18	下	1	1	1	0	是
B8	研磨机	研磨-致密蓝铁	8	21	11	26	左	3	2	1	1	是
R8	精炼炉	精炼-致密蓝铁	13	19	15	21	左	1	1	1	1	是
B9	研磨机	研磨-致密蓝铁	13	9	16	14	左	3	1	1	0	是
R9	精炼炉	精炼-致密蓝铁	24	38	26	40	下	1	0	1	1	是
B10	研磨机	研磨-致密蓝铁	9	57	14	60	下	3	0	1	1	是
R10	精炼炉	精炼-致密蓝铁	15	61	17	63	左	1	1	1	0	是
B11	研磨机	研磨-致密蓝铁	8	40	13	43	上	3	2	1	1	是
R11	精炼炉	精炼-致密蓝铁	8	34	10	36	上	1	1	1	0	是
B12	研磨机	研磨-致密蓝铁	8	50	11	55	左	3	2	1	1	是
R12	精炼炉	精炼-致密蓝铁	12	48	14	50	上	1	1	1	1	是
B13	研磨机	研磨-致密蓝铁	11	34	14	39	左	3	1	1	1	是
R13	精炼炉	精炼-致密蓝铁	16	37	18	39	左	1	1	1	1	是
B14	研磨机	研磨-致密蓝铁	18	56	21	61	右	3	1	1	1	是
R14	精炼炉	精炼-致密蓝铁	15	57	17	59	上	1	1	1	0	是
B15	研磨机	研磨-致密蓝铁	46	11	51	14	下	3	2	1	1	是
R15	精炼炉	精炼-致密蓝铁	50	15	52	17	左	1	1	1	1	是
B16	研磨机	研磨-致密蓝铁	52	11	57	14	下	3	3	1	1	是
R16	精炼炉	精炼-致密蓝铁	54	17	56	19	下	1	1	1	1	是
B17	研磨机	研磨-致密蓝铁	11	63	14	68	左	3	3	1	1	是
R17	精炼炉	精炼-致密蓝铁	15	65	17	67	上	1	1	1	0	是
O1	研磨机	研磨-致密源石	64	29	69	32	下	3	3	1	1	是
O2	研磨机	研磨-致密源石	51	35	54	40	左	3	3	1	1	是
O3	研磨机	研磨-致密源石	56	31	59	36	左	3	3	1	1	是
O4	研磨机	研磨-致密源石	8	5	13	8	下	3	2	1	0	是
O5	研磨机	研磨-致密源石	24	12	29	15	下	3	1	1	1	是
O6	研磨机	研磨-致密源石	15	15	20	18	下	3	1	1	0	是
O7	研磨机	研磨-致密源石	31	5	34	10	左	3	2	1	0	是
O8	研磨机	研磨-致密源石	37	5	40	10	左	3	2	1	0	是
O9	研磨机	研磨-致密源石	41	6	44	11	右	3	3	1	1	是
P1	配件机	配件-钢制零件	56	38	58	40	左	1	0	1	1	是
H1	塑形机	塑形-钢质瓶	18	19	20	21	左	2	1	1	1	是
Q1	研磨机	研磨-细磨荞花	32	40	37	43	下	3	3	1	0	是
P2	配件机	配件-钢制零件	63	34	65	36	下	1	1	1	1	是
H2	塑形机	塑形-钢质瓶	24	42	26	44	下	2	1	1	0	是
Q2	研磨机	研磨-细磨荞花	21	29	26	32	上	3	2	1	1	是
P3	配件机	配件-钢制零件	19	22	21	24	上	1	1	1	1	是
H3	塑形机	塑形-钢质瓶	19	43	21	45	左	2	1	1	0	是
Q3	研磨机	研磨-细磨荞花	27	52	30	57	右	3	3	1	1	是
P4	配件机	配件-钢制零件	22	26	24	28	左	1	0	1	0	是
H4	塑形机	塑形-钢质瓶	20	35	22	37	左	2	1	1	0	是
Q4	研磨机	研磨-细磨荞花	29	58	32	63	右	3	2	1	1	是
P5	配件机	配件-钢制零件	36	13	38	15	下	1	0	1	1	是
H5	塑形机	塑形-钢质瓶	50	18	52	20	右	2	2	1	1	是
Q5	研磨机	研磨-细磨荞花	44	20	47	25	左	3	1	1	1	是
P6	配件机	配件-钢制零件	36	19	38	21	上	1	1	1	1	是
H6	塑形机	塑形-钢质瓶	22	45	24	47	左	1	0	1	0	是
Q6	研磨机	研磨-细磨荞花	55	46	58	51	右	2	1	1	1	是
E1	封装机	封装-电池	59	39	64	42	下	5	5	1	0	是
E2	封装机	封装-电池	26	16	29	21	左	5	2	1	0	是
E3	封装机	封装-电池	39	12	42	17	左	5	3	1	0	是
F1	灌装机	灌装-胶囊	22	20	25	25	左	4	2	1	0	是
F2	灌装机	灌装-胶囊	22	53	25	58	右	4	2	1	0	是
F3	灌装机	灌装-胶囊	44	16	49	19	上	2	2	1	0	是
F4	灌装机	灌装-胶囊	49	42	54	45	上	2	1	1	1	是
SC1	采种机	采种-砂叶	44	52	48	56	上	1	1	2	2	是
SA1	种植机	种植-砂叶	49	52	53	56	下	1	1	1	1	是
SB1	种植机	种植-砂叶	38	47	42	51	上	1	1	1	0	是
S1	粉碎机	粉碎-砂叶	66	25	68	27	下	1	0	3	1	是
SC2	采种机	采种-砂叶	64	43	68	47	左	1	0	2	2	是
SA2	种植机	种植-砂叶	65	38	69	42	上	1	1	1	0	是
SB2	种植机	种植-砂叶	59	44	63	48	右	1	1	1	1	是
S2	粉碎机	粉碎-砂叶	55	42	57	44	上	1	1	2	2	是
SC3	采种机	采种-砂叶	17	51	21	55	上	1	1	2	1	是
SA3	种植机	种植-砂叶	12	52	16	56	左	1	0	1	1	是
SB3	种植机	种植-砂叶	15	46	19	50	右	1	1	1	0	是
S3	粉碎机	粉碎-砂叶	11	31	13	33	上	1	0	3	2	是
SC4	采种机	采种-砂叶	26	22	30	26	左	1	1	2	1	是
SA4	种植机	种植-砂叶	27	27	31	31	右	1	1	1	1	是
SB4	种植机	种植-砂叶	30	15	34	19	左	1	0	1	1	是
S4	粉碎机	粉碎-砂叶	35	16	37	18	上	1	1	2	0	是
SC5	采种机	采种-砂叶	62	13	66	17	右	1	1	2	2	是
SA5	种植机	种植-砂叶	57	16	61	20	左	1	1	1	1	是
SB5	种植机	种植-砂叶	61	8	65	12	上	1	1	1	0	是
S5	粉碎机	粉碎-砂叶	28	7	30	9	下	1	0	3	3	是
SC6	采种机	采种-砂叶	38	23	42	27	上	1	1	2	1	是
SA6	种植机	种植-砂叶	33	23	37	27	下	1	1	1	1	是
SB6	种植机	种植-砂叶	39	18	43	22	上	1	0	1	1	是
S6	粉碎机	粉碎-砂叶	43	13	45	15	上	1	1	2	1	是
SC7	采种机	采种-砂叶	27	37	31	41	右	1	1	2	2	是
SA7	种植机	种植-砂叶	27	32	31	36	左	1	1	1	1	是
SB7	种植机	种植-砂叶	19	38	23	42	右	1	1	1	0	是
S7	粉碎机	粉碎-砂叶	5	13	7	15	左	1	0	3	2	是
SC8	采种机	采种-砂叶	39	40	43	44	下	1	1	2	2	是
SA8	种植机	种植-砂叶	43	46	47	50	左	1	1	1	1	是
SB8	种植机	种植-砂叶	33	44	37	48	右	1	1	1	0	是
S8	粉碎机	粉碎-砂叶	32	33	34	35	下	1	0	3	1	是
SC9	采种机	采种-砂叶	27	42	31	46	右	1	1	2	2	是
SA9	种植机	种植-砂叶	27	47	31	51	左	1	1	1	1	是
SB9	种植机	种植-砂叶	22	48	26	52	下	1	1	1	0	是
S9	粉碎机	粉碎-砂叶	11	45	13	47	上	1	0	3	1	是
SC10	采种机	采种-砂叶	15	32	19	36	下	1	1	2	1	是
SA10	种植机	种植-砂叶	16	27	20	31	右	1	0	1	1	是
SB10	种植机	种植-砂叶	14	40	18	44	下	1	1	1	0	是
S10	粉碎机	粉碎-砂叶	31	54	33	56	下	1	0	3	2	是
SC11	采种机	采种-砂叶	64	54	68	58	左	1	1	2	2	是
SA11	种植机	种植-砂叶	64	59	68	63	右	1	1	1	1	是
SB11	种植机	种植-砂叶	65	49	69	53	上	1	1	1	0	是
S11	粉碎机	粉碎-砂叶	53	8	55	10	右	1	0	3	2	是
SC12	采种机	采种-砂叶	34	64	38	68	右	1	1	2	2	是
SA12	种植机	种植-砂叶	39	65	43	69	左	1	1	1	1	是
SB12	种植机	种植-砂叶	24	59	28	63	上	1	1	1	0	是
S12	粉碎机	粉碎-砂叶	8	64	10	66	下	1	0	1	1	是
SC13	采种机	采种-砂叶	47	58	51	62	下	1	1	2	2	是
SA13	种植机	种植-砂叶	42	58	46	62	上	1	1	1	1	是
SB13	种植机	种植-砂叶	55	65	59	69	左	1	1	1	0	是
S13	粉碎机	粉碎-砂叶	61	50	63	52	右	1	0	1	1	是
QC1	采种机	采种-荞花	39	28	43	32	下	1	0	2	2	是
QA1	种植机	种植-荞花	32	28	36	32	上	1	1	1	0	是
QB1	种植机	种植-荞花	44	29	48	33	左	1	1	1	0	是
KQ1	粉碎机	粉碎-荞花	34	36	36	38	下	1	0	2	2	是
QC2	采种机	采种-荞花	54	53	58	57	上	1	1	2	2	是
QA2	种植机	种植-荞花	59	53	63	57	下	1	1	1	1	是
QB2	种植机	种植-荞花	50	47	54	51	上	1	1	1	0	是
KQ2	粉碎机	粉碎-荞花	24	34	26	36	上	1	0	2	2	是
QC3	采种机	采种-荞花	39	53	43	57	下	1	0	2	2	是
QA3	种植机	种植-荞花	37	59	41	63	下	1	1	1	0	是
QB3	种植机	种植-荞花	34	53	38	57	上	1	1	1	1	是
KQ3	粉碎机	粉碎-荞花	34	50	36	52	右	1	1	2	2	是
QC4	采种机	采种-荞花	23	64	27	68	下	1	0	2	2	是
QA4	种植机	种植-荞花	18	65	22	69	右	1	1	1	0	是
QB4	种植机	种植-荞花	28	65	32	69	左	1	1	1	1	是
KQ4	粉碎机	粉碎-荞花	34	59	36	61	上	1	1	2	1	是
QC5	采种机	采种-荞花	42	34	46	38	下	1	1	2	2	是
QA5	种植机	种植-荞花	37	34	41	38	上	1	1	1	1	是
QB5	种植机	种植-荞花	44	40	48	44	下	1	1	1	0	是
KQ5	粉碎机	粉碎-荞花	44	26	46	28	右	1	0	2	1	是
QC6	采种机	采种-荞花	52	59	56	63	下	1	1	2	2	是
QA6	种植机	种植-荞花	57	59	61	63	上	1	1	1	1	是
QB6	种植机	种植-荞花	48	65	52	69	右	1	1	1	1	是
KQ6	粉碎机	粉碎-荞花	45	66	47	68	上	1	1	1	0	是
