进路编号	来源	来源单位	终点	终点单位	物品	设计件每tick	是否接通	运输物品格数	固定机位是否不可达
L000	OB1	仓库取货口	T1	精炼炉	蓝铁矿	1	是	1	否
L001	T1	精炼炉	KB1	粉碎机	蓝铁块	1	否		否
L002	KB1	粉碎机	B1	研磨机	蓝铁粉末	1	否		是
L003	OB2	仓库取货口	T2	精炼炉	蓝铁矿	1	是	1	否
L004	T2	精炼炉	KB2	粉碎机	蓝铁块	1	是	1	否
L005	KB2	粉碎机	B1	研磨机	蓝铁粉末	1	否		是
L006	OB3	仓库取货口	T3	精炼炉	蓝铁矿	1	是	1	否
L007	T3	精炼炉	KB3	粉碎机	蓝铁块	1	是	4	否
L008	KB3	粉碎机	B2	研磨机	蓝铁粉末	1	是	7	否
L009	OB4	仓库取货口	T4	精炼炉	蓝铁矿	1	是	1	否
L010	T4	精炼炉	KB4	粉碎机	蓝铁块	1	是	1	否
L011	KB4	粉碎机	B2	研磨机	蓝铁粉末	1	是	10	否
L012	OB5	仓库取货口	T5	精炼炉	蓝铁矿	1	是	3	否
L013	T5	精炼炉	KB5	粉碎机	蓝铁块	1	是	2	否
L014	KB5	粉碎机	B3	研磨机	蓝铁粉末	1	否		是
L015	OB6	仓库取货口	T6	精炼炉	蓝铁矿	1	否		是
L016	T6	精炼炉	KB6	粉碎机	蓝铁块	1	是	5	否
L017	KB6	粉碎机	B3	研磨机	蓝铁粉末	1	否		是
L018	OB7	仓库取货口	T7	精炼炉	蓝铁矿	1	否		是
L019	T7	精炼炉	KB7	粉碎机	蓝铁块	1	是	3	否
L020	KB7	粉碎机	B4	研磨机	蓝铁粉末	1	是	1	否
L021	OB8	仓库取货口	T8	精炼炉	蓝铁矿	1	是	2	否
L022	T8	精炼炉	KB8	粉碎机	蓝铁块	1	否		是
L023	KB8	粉碎机	B4	研磨机	蓝铁粉末	1	是	1	否
L024	OB9	仓库取货口	T9	精炼炉	蓝铁矿	1	是	1	否
L025	T9	精炼炉	KB9	粉碎机	蓝铁块	1	是	1	否
L026	KB9	粉碎机	B5	研磨机	蓝铁粉末	1	是	1	否
L027	OB10	仓库取货口	T10	精炼炉	蓝铁矿	1	是	1	否
L028	T10	精炼炉	KB10	粉碎机	蓝铁块	1	否		是
L029	KB10	粉碎机	B5	研磨机	蓝铁粉末	1	是	1	否
L030	OB11	仓库取货口	T11	精炼炉	蓝铁矿	1	是	1	否
L031	T11	精炼炉	KB11	粉碎机	蓝铁块	1	是	1	否
L032	KB11	粉碎机	B6	研磨机	蓝铁粉末	1	否		否
L033	OB12	仓库取货口	T12	精炼炉	蓝铁矿	1	否		是
L034	T12	精炼炉	KB12	粉碎机	蓝铁块	1	是	1	否
L035	KB12	粉碎机	B6	研磨机	蓝铁粉末	1	否		是
L036	OB13	仓库取货口	T13	精炼炉	蓝铁矿	1	否		是
L037	T13	精炼炉	KB13	粉碎机	蓝铁块	1	是	1	否
L038	KB13	粉碎机	B7	研磨机	蓝铁粉末	1	是	2	否
L039	OB14	仓库取货口	T14	精炼炉	蓝铁矿	1	是	4	否
L040	T14	精炼炉	KB14	粉碎机	蓝铁块	1	否		是
L041	KB14	粉碎机	B7	研磨机	蓝铁粉末	1	是	2	否
L042	OB15	仓库取货口	T15	精炼炉	蓝铁矿	1	是	2	否
L043	T15	精炼炉	KB15	粉碎机	蓝铁块	1	是	4	否
L044	KB15	粉碎机	B8	研磨机	蓝铁粉末	1	是	3	否
L045	OB16	仓库取货口	T16	精炼炉	蓝铁矿	1	否		是
L046	T16	精炼炉	KB16	粉碎机	蓝铁块	1	是	1	否
L047	KB16	粉碎机	B8	研磨机	蓝铁粉末	1	是	1	否
L048	OB17	仓库取货口	T17	精炼炉	蓝铁矿	1	是	1	否
L049	T17	精炼炉	KB17	粉碎机	蓝铁块	1	是	1	否
L050	KB17	粉碎机	B9	研磨机	蓝铁粉末	1	否		是
L051	OB18	仓库取货口	T18	精炼炉	蓝铁矿	1	否		是
L052	T18	精炼炉	KB18	粉碎机	蓝铁块	1	是	1	否
L053	KB18	粉碎机	B9	研磨机	蓝铁粉末	1	否		是
L054	OB19	仓库取货口	T19	精炼炉	蓝铁矿	1	是	5	否
L055	T19	精炼炉	KB19	粉碎机	蓝铁块	1	否		是
L056	KB19	粉碎机	B10	研磨机	蓝铁粉末	1	否		是
L057	OB20	仓库取货口	T20	精炼炉	蓝铁矿	1	是	1	否
L058	T20	精炼炉	KB20	粉碎机	蓝铁块	1	是	1	否
L059	KB20	粉碎机	B10	研磨机	蓝铁粉末	1	否		是
L060	OB21	仓库取货口	T21	精炼炉	蓝铁矿	1	否		是
L061	T21	精炼炉	KB21	粉碎机	蓝铁块	1	是	4	否
L062	KB21	粉碎机	B11	研磨机	蓝铁粉末	1	否		是
L063	OB22	仓库取货口	T22	精炼炉	蓝铁矿	1	是	1	否
L064	T22	精炼炉	KB22	粉碎机	蓝铁块	1	是	3	否
L065	KB22	粉碎机	B11	研磨机	蓝铁粉末	1	是	2	否
L066	OB23	仓库取货口	T23	精炼炉	蓝铁矿	1	是	2	否
L067	T23	精炼炉	KB23	粉碎机	蓝铁块	1	是	1	否
L068	KB23	粉碎机	B12	研磨机	蓝铁粉末	1	是	1	否
L069	OB24	仓库取货口	T24	精炼炉	蓝铁矿	1	是	2	否
L070	T24	精炼炉	KB24	粉碎机	蓝铁块	1	是	1	否
L071	KB24	粉碎机	B12	研磨机	蓝铁粉末	1	是	1	否
L072	OB25	仓库取货口	T25	精炼炉	蓝铁矿	1	是	2	否
L073	T25	精炼炉	KB25	粉碎机	蓝铁块	1	是	1	否
L074	KB25	粉碎机	B13	研磨机	蓝铁粉末	1	是	1	否
L075	OB26	仓库取货口	T26	精炼炉	蓝铁矿	1	是	3	否
L076	T26	精炼炉	KB26	粉碎机	蓝铁块	1	是	1	否
L077	KB26	粉碎机	B13	研磨机	蓝铁粉末	1	否		是
L078	OB27	仓库取货口	T27	精炼炉	蓝铁矿	1	是	2	否
L079	T27	精炼炉	KB27	粉碎机	蓝铁块	1	是	1	否
L080	KB27	粉碎机	B14	研磨机	蓝铁粉末	1	否		是
L081	OB28	仓库取货口	T28	精炼炉	蓝铁矿	1	是	14	否
L082	T28	精炼炉	KB28	粉碎机	蓝铁块	1	否		是
L083	KB28	粉碎机	B14	研磨机	蓝铁粉末	1	是	3	否
L084	OB29	仓库取货口	T29	精炼炉	蓝铁矿	1	是	1	否
L085	T29	精炼炉	KB29	粉碎机	蓝铁块	1	是	1	否
L086	KB29	粉碎机	B15	研磨机	蓝铁粉末	1	是	2	否
L087	OB30	仓库取货口	T30	精炼炉	蓝铁矿	1	是	1	否
L088	T30	精炼炉	KB30	粉碎机	蓝铁块	1	是	1	否
L089	KB30	粉碎机	B15	研磨机	蓝铁粉末	1	否		否
L090	OB31	仓库取货口	T31	精炼炉	蓝铁矿	1	是	1	否
L091	T31	精炼炉	KB31	粉碎机	蓝铁块	1	是	1	否
L092	KB31	粉碎机	B16	研磨机	蓝铁粉末	1	是	4	否
L093	OB32	仓库取货口	T32	精炼炉	蓝铁矿	1	是	1	否
L094	T32	精炼炉	KB32	粉碎机	蓝铁块	1	是	2	否
L095	KB32	粉碎机	B16	研磨机	蓝铁粉末	1	是	1	否
L096	OB33	仓库取货口	T33	精炼炉	蓝铁矿	1	是	1	否
L097	T33	精炼炉	KB33	粉碎机	蓝铁块	1	是	2	否
L098	KB33	粉碎机	B17	研磨机	蓝铁粉末	1	是	1	否
L099	OB34	仓库取货口	T34	精炼炉	蓝铁矿	1	是	1	否
L100	T34	精炼炉	KB34	粉碎机	蓝铁块	1	是	2	否
L101	KB34	粉碎机	B17	研磨机	蓝铁粉末	1	是	1	否
L102	CORE	协议核心	U1	粉碎机	源矿	1	是	1	否
L103	U1	粉碎机	O1	研磨机	源石粉末	1	是	12	否
L104	CORE	协议核心	U2	粉碎机	源矿	1	是	11	否
L105	U2	粉碎机	O1	研磨机	源石粉末	1	是	2	否
L106	CORE	协议核心	U3	粉碎机	源矿	1	否		否
L107	U3	粉碎机	O2	研磨机	源石粉末	1	是	3	否
L108	CORE	协议核心	U4	粉碎机	源矿	1	否		否
L109	U4	粉碎机	O2	研磨机	源石粉末	1	是	2	否
L110	CORE	协议核心	U5	粉碎机	源矿	1	是	8	否
L111	U5	粉碎机	O3	研磨机	源石粉末	1	是	1	否
L112	CORE	协议核心	U6	粉碎机	源矿	1	是	1	否
L113	U6	粉碎机	O3	研磨机	源石粉末	1	是	9	否
L114	OO7	仓库取货口	U7	粉碎机	源矿	1	否		是
L115	U7	粉碎机	O4	研磨机	源石粉末	1	是	1	否
L116	OO8	仓库取货口	U8	粉碎机	源矿	1	是	1	否
L117	U8	粉碎机	O4	研磨机	源石粉末	1	是	2	否
L118	OO9	仓库取货口	U9	粉碎机	源矿	1	否		是
L119	U9	粉碎机	O5	研磨机	源石粉末	1	是	5	否
L120	OO10	仓库取货口	U10	粉碎机	源矿	1	是	2	否
L121	U10	粉碎机	O5	研磨机	源石粉末	1	否		是
L122	OO11	仓库取货口	U11	粉碎机	源矿	1	是	1	否
L123	U11	粉碎机	O6	研磨机	源石粉末	1	否		是
L124	OO12	仓库取货口	U12	粉碎机	源矿	1	否		是
L125	U12	粉碎机	O6	研磨机	源石粉末	1	是	1	否
L126	OO13	仓库取货口	U13	粉碎机	源矿	1	是	1	否
L127	U13	粉碎机	O7	研磨机	源石粉末	1	否		是
L128	OO14	仓库取货口	U14	粉碎机	源矿	1	是	1	否
L129	U14	粉碎机	O7	研磨机	源石粉末	1	是	1	否
L130	OO15	仓库取货口	U15	粉碎机	源矿	1	是	1	否
L131	U15	粉碎机	O8	研磨机	源石粉末	1	是	3	否
L132	OO16	仓库取货口	U16	粉碎机	源矿	1	是	1	否
L133	U16	粉碎机	O8	研磨机	源石粉末	1	是	1	否
L134	OO17	仓库取货口	U17	粉碎机	源矿	1	是	1	否
L135	U17	粉碎机	O9	研磨机	源石粉末	1	是	8	否
L136	OO18	仓库取货口	U18	粉碎机	源矿	1	是	1	否
L137	U18	粉碎机	O9	研磨机	源石粉末	1	是	2	否
L138	B1	研磨机	R1	精炼炉	致密蓝铁粉末	1	是	3	否
L139	R1	精炼炉	P1	配件机	钢块	1	否		否
L140	B2	研磨机	R2	精炼炉	致密蓝铁粉末	1	否		否
L141	R2	精炼炉	P2	配件机	钢块	1	是	1	否
L142	B3	研磨机	R3	精炼炉	致密蓝铁粉末	1	是	1	否
L143	R3	精炼炉	P3	配件机	钢块	1	是	3	否
L144	B4	研磨机	R4	精炼炉	致密蓝铁粉末	1	是	1	否
L145	R4	精炼炉	P4	配件机	钢块	1	否		是
L146	B5	研磨机	R5	精炼炉	致密蓝铁粉末	1	是	2	否
L147	R5	精炼炉	P5	配件机	钢块	1	否		是
L148	B6	研磨机	R6	精炼炉	致密蓝铁粉末	1	否		是
L149	R6	精炼炉	P6	配件机	钢块	1	是	3	否
L150	B7	研磨机	R7	精炼炉	致密蓝铁粉末	1	是	1	否
L151	R7	精炼炉	H1	塑形机	钢块	1	否		是
L152	B8	研磨机	R8	精炼炉	致密蓝铁粉末	1	是	1	否
L153	R8	精炼炉	H1	塑形机	钢块	1	是	2	否
L154	B9	研磨机	R9	精炼炉	致密蓝铁粉末	1	否		是
L155	R9	精炼炉	H2	塑形机	钢块	1	是	1	否
L156	B10	研磨机	R10	精炼炉	致密蓝铁粉末	1	是	1	否
L157	R10	精炼炉	H2	塑形机	钢块	1	否		是
L158	B11	研磨机	R11	精炼炉	致密蓝铁粉末	1	是	3	否
L159	R11	精炼炉	H3	塑形机	钢块	1	否		是
L160	B12	研磨机	R12	精炼炉	致密蓝铁粉末	1	是	1	否
L161	R12	精炼炉	H3	塑形机	钢块	1	是	7	否
L162	B13	研磨机	R13	精炼炉	致密蓝铁粉末	1	是	1	否
L163	R13	精炼炉	H4	塑形机	钢块	1	是	1	否
L164	B14	研磨机	R14	精炼炉	致密蓝铁粉末	1	是	1	否
L165	R14	精炼炉	H4	塑形机	钢块	1	否		是
L166	B15	研磨机	R15	精炼炉	致密蓝铁粉末	1	是	1	否
L167	R15	精炼炉	H5	塑形机	钢块	1	是	2	否
L168	B16	研磨机	R16	精炼炉	致密蓝铁粉末	1	是	2	否
L169	R16	精炼炉	H5	塑形机	钢块	1	是	2	否
L170	B17	研磨机	R17	精炼炉	致密蓝铁粉末	1	是	1	否
L171	R17	精炼炉	H6	塑形机	钢块	1	否		是
L172	O1	研磨机	E1	封装机	致密源石粉末	1	是	11	否
L173	O2	研磨机	E1	封装机	致密源石粉末	1	是	6	否
L174	O3	研磨机	E1	封装机	致密源石粉末	1	是	4	否
L175	O4	研磨机	E2	封装机	致密源石粉末	1	否		是
L176	O5	研磨机	E2	封装机	致密源石粉末	1	是	1	否
L177	O6	研磨机	E2	封装机	致密源石粉末	1	否		是
L178	O7	研磨机	E3	封装机	致密源石粉末	1	否		否
L179	O8	研磨机	E3	封装机	致密源石粉末	1	否		是
L180	O9	研磨机	E3	封装机	致密源石粉末	1	是	4	否
L181	P1	配件机	E1	封装机	钢制零件	1	是	2	否
L182	H1	塑形机	F1	灌装机	钢质瓶	1	是	1	否
L183	Q1	研磨机	F1	灌装机	细磨荞花粉末	1	否		是
L184	P2	配件机	E1	封装机	钢制零件	1	是	2	否
L185	H2	塑形机	F1	灌装机	钢质瓶	1	否		是
L186	Q2	研磨机	F1	灌装机	细磨荞花粉末	1	是	4	否
L187	P3	配件机	E2	封装机	钢制零件	1	是	7	否
L188	H3	塑形机	F2	灌装机	钢质瓶	1	否		是
L189	Q3	研磨机	F2	灌装机	细磨荞花粉末	1	是	1	否
L190	P4	配件机	E2	封装机	钢制零件	1	否		是
L191	H4	塑形机	F2	灌装机	钢质瓶	1	否		是
L192	Q4	研磨机	F2	灌装机	细磨荞花粉末	1	是	3	否
L193	P5	配件机	E3	封装机	钢制零件	1	是	1	否
L194	H5	塑形机	F3	灌装机	钢质瓶	1	是	1	否
L195	Q5	研磨机	F3	灌装机	细磨荞花粉末	1	是	1	否
L196	P6	配件机	E3	封装机	钢制零件	1	是	2	否
L197	H6	塑形机	F4	灌装机	钢质瓶	1/2	否		是
L198	Q6	研磨机	F4	灌装机	细磨荞花粉末	1/2	是	1	否
L199	E1	封装机	CORE	协议核心	高容谷地电池	1/5	否		否
L200	E2	封装机	CORE	协议核心	高容谷地电池	1/5	否		是
L201	E3	封装机	CORE	协议核心	高容谷地电池	1/5	否		是
L202	F1	灌装机	CORE	协议核心	精选荞愈胶囊	1/5	否		是
L203	F2	灌装机	CORE	协议核心	精选荞愈胶囊	1/5	否		是
L204	F3	灌装机	CORE	协议核心	精选荞愈胶囊	1/10	否		是
L205	F4	灌装机	CORE	协议核心	精选荞愈胶囊	1/20	是	14	否
L206	SC1	采种机	SA1	种植机	砂叶种子	1	是	2	否
L207	SC1	采种机	SB1	种植机	砂叶种子	1	是	4	否
L208	SA1	种植机	SC1	采种机	砂叶	1	是	2	否
L209	SB1	种植机	S1	粉碎机	砂叶	1	否		否
L210	S1	粉碎机	B1	研磨机	砂叶粉末	1	否		否
L211	S1	粉碎机	B2	研磨机	砂叶粉末	1	否		是
L212	S1	粉碎机	O1	研磨机	砂叶粉末	1	是	1	否
L213	SC2	采种机	SA2	种植机	砂叶种子	2/3	是	1	否
L214	SC2	采种机	SB2	种植机	砂叶种子	2/3	是	7	否
L215	SA2	种植机	SC2	采种机	砂叶	2/3	否		否
L216	SB2	种植机	S2	粉碎机	砂叶	2/3	是	2	否
L217	S2	粉碎机	O2	研磨机	砂叶粉末	1	是	10	否
L218	S2	粉碎机	O3	研磨机	砂叶粉末	1	是	6	否
L219	SC3	采种机	SA3	种植机	砂叶种子	1	否		是
L220	SC3	采种机	SB3	种植机	砂叶种子	1	是	1	否
L221	SA3	种植机	SC3	采种机	砂叶	1	是	1	否
L222	SB3	种植机	S3	粉碎机	砂叶	1	否		是
L223	S3	粉碎机	B3	研磨机	砂叶粉末	1	是	4	否
L224	S3	粉碎机	B4	研磨机	砂叶粉末	1	是	4	否
L225	S3	粉碎机	O4	研磨机	砂叶粉末	1	否		是
L226	SC4	采种机	SA4	种植机	砂叶种子	2/3	是	3	否
L227	SC4	采种机	SB4	种植机	砂叶种子	2/3	否		是
L228	SA4	种植机	SC4	采种机	砂叶	2/3	是	3	否
L229	SB4	种植机	S4	粉碎机	砂叶	2/3	是	1	否
L230	S4	粉碎机	O5	研磨机	砂叶粉末	1	否		是
L231	S4	粉碎机	O6	研磨机	砂叶粉末	1	否		是
L232	SC5	采种机	SA5	种植机	砂叶种子	1	是	7	否
L233	SC5	采种机	SB5	种植机	砂叶种子	1	是	1	否
L234	SA5	种植机	SC5	采种机	砂叶	1	是	7	否
L235	SB5	种植机	S5	粉碎机	砂叶	1	否		是
L236	S5	粉碎机	B5	研磨机	砂叶粉末	1	是	10	否
L237	S5	粉碎机	B6	研磨机	砂叶粉末	1	是	1	否
L238	S5	粉碎机	O7	研磨机	砂叶粉末	1	是	2	否
L239	SC6	采种机	SA6	种植机	砂叶种子	2/3	是	2	否
L240	SC6	采种机	SB6	种植机	砂叶种子	2/3	否		是
L241	SA6	种植机	SC6	采种机	砂叶	2/3	是	2	否
L242	SB6	种植机	S6	粉碎机	砂叶	2/3	是	2	否
L243	S6	粉碎机	O8	研磨机	砂叶粉末	1	否		是
L244	S6	粉碎机	O9	研磨机	砂叶粉末	1	是	2	否
L245	SC7	采种机	SA7	种植机	砂叶种子	1	是	11	否
L246	SC7	采种机	SB7	种植机	砂叶种子	1	是	3	否
L247	SA7	种植机	SC7	采种机	砂叶	1	是	2	否
L248	SB7	种植机	S7	粉碎机	砂叶	1	否		是
L249	S7	粉碎机	B7	研磨机	砂叶粉末	1	是	1	否
L250	S7	粉碎机	B8	研磨机	砂叶粉末	1	否		否
L251	S7	粉碎机	B9	研磨机	砂叶粉末	1	是	10	否
L252	SC8	采种机	SA8	种植机	砂叶种子	1	是	2	否
L253	SC8	采种机	SB8	种植机	砂叶种子	1	是	2	否
L254	SA8	种植机	SC8	采种机	砂叶	1	是	21	否
L255	SB8	种植机	S8	粉碎机	砂叶	1	否		是
L256	S8	粉碎机	B10	研磨机	砂叶粉末	1	否		是
L257	S8	粉碎机	Q1	研磨机	砂叶粉末	1	是	4	否
L258	S8	粉碎机	Q2	研磨机	砂叶粉末	1	否		是
L259	SC9	采种机	SA9	种植机	砂叶种子	1	是	2	否
L260	SC9	采种机	SB9	种植机	砂叶种子	1	是	4	否
L261	SA9	种植机	SC9	采种机	砂叶	1	是	2	否
L262	SB9	种植机	S9	粉碎机	砂叶	1	否		是
L263	S9	粉碎机	B11	研磨机	砂叶粉末	1	是	1	否
L264	S9	粉碎机	B12	研磨机	砂叶粉末	1	否		是
L265	S9	粉碎机	B13	研磨机	砂叶粉末	1	否		是
L266	SC10	采种机	SA10	种植机	砂叶种子	1	否		是
L267	SC10	采种机	SB10	种植机	砂叶种子	1	是	3	否
L268	SA10	种植机	SC10	采种机	砂叶	1	是	1	否
L269	SB10	种植机	S10	粉碎机	砂叶	1	否		是
L270	S10	粉碎机	B14	研磨机	砂叶粉末	1	否		是
L271	S10	粉碎机	Q3	研磨机	砂叶粉末	1	是	1	否
L272	S10	粉碎机	Q4	研磨机	砂叶粉末	1	是	3	否
L273	SC11	采种机	SA11	种植机	砂叶种子	1	是	2	否
L274	SC11	采种机	SB11	种植机	砂叶种子	1	是	1	否
L275	SA11	种植机	SC11	采种机	砂叶	1	是	2	否
L276	SB11	种植机	S11	粉碎机	砂叶	1	否		是
L277	S11	粉碎机	B15	研磨机	砂叶粉末	1	是	2	否
L278	S11	粉碎机	B16	研磨机	砂叶粉末	1	是	2	否
L279	S11	粉碎机	Q5	研磨机	砂叶粉末	1	否		是
L280	SC12	采种机	SA12	种植机	砂叶种子	1/3	是	7	否
L281	SC12	采种机	SB12	种植机	砂叶种子	1/3	是	6	否
L282	SA12	种植机	SC12	采种机	砂叶	1/3	是	7	否
L283	SB12	种植机	S12	粉碎机	砂叶	1/3	否		是
L284	S12	粉碎机	B17	研磨机	砂叶粉末	1	是	1	否
L285	SC13	采种机	SA13	种植机	砂叶种子	1/6	是	2	否
L286	SC13	采种机	SB13	种植机	砂叶种子	1/6	是	6	否
L287	SA13	种植机	SC13	采种机	砂叶	1/6	是	2	否
L288	SB13	种植机	S13	粉碎机	砂叶	1/6	否		是
L289	S13	粉碎机	Q6	研磨机	砂叶粉末	1/2	是	2	否
L290	QC1	采种机	QA1	种植机	荞花种子	1	是	4	否
L291	QC1	采种机	QB1	种植机	荞花种子	1	是	1	否
L292	QA1	种植机	QC1	采种机	荞花	1	否		是
L293	QB1	种植机	KQ1	粉碎机	荞花	1	否		是
L294	KQ1	粉碎机	Q1	研磨机	荞花粉末	1	是	1	否
L295	KQ1	粉碎机	Q1	研磨机	荞花粉末	1	是	1	否
L296	QC2	采种机	QA2	种植机	荞花种子	1	是	2	否
L297	QC2	采种机	QB2	种植机	荞花种子	1	是	1	否
L298	QA2	种植机	QC2	采种机	荞花	1	是	2	否
L299	QB2	种植机	KQ2	粉碎机	荞花	1	否		是
L300	KQ2	粉碎机	Q2	研磨机	荞花粉末	1	是	1	否
L301	KQ2	粉碎机	Q2	研磨机	荞花粉末	1	是	1	否
L302	QC3	采种机	QA3	种植机	荞花种子	1	是	1	否
L303	QC3	采种机	QB3	种植机	荞花种子	1	是	2	否
L304	QA3	种植机	QC3	采种机	荞花	1	否		是
L305	QB3	种植机	KQ3	粉碎机	荞花	1	是	1	否
L306	KQ3	粉碎机	Q3	研磨机	荞花粉末	1	是	3	否
L307	KQ3	粉碎机	Q3	研磨机	荞花粉末	1	是	5	否
L308	QC4	采种机	QA4	种植机	荞花种子	1	是	1	否
L309	QC4	采种机	QB4	种植机	荞花种子	1	是	1	否
L310	QA4	种植机	QC4	采种机	荞花	1	否		是
L311	QB4	种植机	KQ4	粉碎机	荞花	1	是	5	否
L312	KQ4	粉碎机	Q4	研磨机	荞花粉末	1	是	2	否
L313	KQ4	粉碎机	Q4	研磨机	荞花粉末	1	否		否
L314	QC5	采种机	QA5	种植机	荞花种子	1	是	2	否
L315	QC5	采种机	QB5	种植机	荞花种子	1	是	1	否
L316	QA5	种植机	QC5	采种机	荞花	1	是	2	否
L317	QB5	种植机	KQ5	粉碎机	荞花	1	否		是
L318	KQ5	粉碎机	Q5	研磨机	荞花粉末	1	是	2	否
L319	KQ5	粉碎机	Q5	研磨机	荞花粉末	1	否		否
L320	QC6	采种机	QA6	种植机	荞花种子	1/2	是	2	否
L321	QC6	采种机	QB6	种植机	荞花种子	1/2	是	2	否
L322	QA6	种植机	QC6	采种机	荞花	1/2	是	2	否
L323	QB6	种植机	KQ6	粉碎机	荞花	1/2	是	1	否
L324	KQ6	粉碎机	Q6	研磨机	荞花粉末	1	否		是
