t,unit,event,kind,destination,quantity,cell
0,sink,receive,a,,,
0,L3,send,a,sink,,
0,L3,receive,a,,,
0,B3,send,a,L3,,
1,B3,receive,a,,,
1,L2,send,a,B3,,
1,L2,receive,a,,,
1,B2,send,a,L2,,
2,B2,receive,a,,,
2,L1,send,a,B2,,
2,L1,receive,a,,,
2,B1,send,a,L1,,
3,B1,receive,a,,,
3,L0,send,a,B1,,
3,L0,receive,a,,,
3,source,send,a,L0,,
8,sink,receive,a,,,
8,L3,send,a,sink,,
8,L3,receive,a,,,
8,B3,send,a,L3,,
9,B3,receive,a,,,
9,L2,send,a,B3,,
9,L2,receive,a,,,
9,B2,send,a,L2,,
10,B2,receive,a,,,
10,L1,send,a,B2,,
10,L1,receive,a,,,
10,B1,send,a,L1,,
11,B1,receive,a,,,
11,L0,send,a,B1,,
11,L0,receive,a,,,
11,source,send,a,L0,,
