ts,pid,tag,rss_kb,hwm_kb,swap_kb
16:43:54,970415,probe12,12584,12872,0
16:43:55,970415,probe12,139384,153872,0
16:43:56,970415,probe12,139384,153872,0
16:43:57,970415,probe12,139384,153872,0
16:43:58,970415,probe12,139384,153872,0
16:43:59,970415,probe12,139384,153872,0
16:44:00,970415,probe12,139384,153872,0
16:44:01,970415,probe12,139384,153872,0
16:44:02,970415,probe12,139384,153872,0
16:44:03,970415,probe12,139384,153872,0
16:44:04,970415,probe12,139384,153872,0
16:44:05,970415,probe12,139384,153872,0
16:44:06,970415,probe12,264924,264924,0
16:44:07,970415,probe12,564496,565396,0
16:44:08,970415,probe12,956520,957196,0
16:44:09,970415,probe12,1150720,1151080,0
16:44:10,970415,probe12,1477508,1477688,0
16:44:11,970415,probe12,1712068,1712068,0
16:44:12,970415,probe12,1716144,1716144,0
16:44:13,970415,probe12,1719108,1719108,0
16:44:14,970415,probe12,1719664,1719664,0
16:44:15,970415,probe12,1743756,1743808,0
16:44:16,970415,probe12,1756688,1756696,0
16:44:17,970415,probe12,1769384,1769396,0
16:44:18,970415,probe12,1782120,1782168,0
16:44:19,970415,probe12,1794740,1794740,0
16:44:20,970415,probe12,1806764,1806780,0
16:44:21,970415,probe12,1818932,1819020,0
16:44:22,970415,probe12,1831288,1831300,0
16:44:23,970415,probe12,1843468,1843468,0
16:44:24,970415,probe12,2158860,2161048,0
16:44:25,970415,probe12,2131316,2199556,0
16:44:26,970415,probe12,2131316,2199556,0
16:44:27,970415,probe12,2327708,2328296,0
16:44:28,970415,probe12,2719328,2719688,0
16:44:29,970415,probe12,3034496,3034780,0
16:44:30,970415,probe12,3328184,3328524,0
16:44:31,970415,probe12,3573052,3573392,0
16:44:32,970415,probe12,3632912,3632912,0
16:44:33,970415,probe12,3634936,3634936,0
16:44:34,970415,probe12,3635904,3635904,0
16:44:35,970415,probe12,3648752,3648752,0
16:44:36,970415,probe12,4359648,4359996,0
16:44:37,970415,probe12,4392916,4392916,0
16:44:38,970415,probe12,4392916,4392916,0
16:44:39,970415,probe12,4392916,4392916,0
16:44:40,970415,probe12,4392916,4392916,0
16:44:41,970415,probe12,4392916,4392916,0
16:44:42,970415,probe12,4392916,4392916,0
16:44:43,970415,probe12,4392916,4392916,0
16:44:44,970415,probe12,4339292,4390636,0
16:44:45,970415,probe12,4790928,4790928,0
16:44:46,970415,probe12,5052656,5053876,0
16:44:47,970415,probe12,6333468,6335100,0
16:44:48,970415,probe12,7529600,7530548,0
16:44:50,970415,probe12,8715644,8717084,0
16:44:51,970415,probe12,9112744,9112744,0
16:44:52,970415,probe12,9315760,9904380,0
16:44:53,970415,probe12,9516140,9904380,0
16:44:54,970415,probe12,10001304,10001304,0
16:44:55,970415,probe12,10864028,10864028,0
16:44:56,970415,probe12,10864028,10864028,0
16:44:57,970415,probe12,10906124,10906128,0
16:44:58,970415,probe12,10933180,10933180,0
16:44:59,970415,probe12,10976024,10991108,0
16:45:00,970415,probe12,11040112,11129624,0
16:45:01,970415,probe12,11080360,11129624,0
16:45:02,970415,probe12,11114956,11129624,0
16:45:03,970415,probe12,11149052,11149056,0
16:45:04,970415,probe12,11187336,11387032,0
16:45:05,970415,probe12,11240604,11387032,0
16:45:06,970415,probe12,9540596,11387032,0
16:45:07,970415,probe12,9961564,11387032,0
16:45:08,970415,probe12,10416692,11387032,0
16:45:09,970415,probe12,11497976,11498608,0
16:45:10,970415,probe12,12243764,12244464,0
16:45:11,970415,probe12,13031412,13067380,0
16:45:12,970415,probe12,13708840,13729380,0
16:45:13,970415,probe12,14256256,14268368,0
16:45:14,970415,probe12,14543856,14543856,0
16:45:15,970415,probe12,14591804,14592100,0
16:45:16,970415,probe12,14799748,14832632,0
16:45:17,970415,probe12,14769512,14832632,0
16:45:18,970415,probe12,13046084,14849516,0
16:45:19,970415,probe12,11718136,14849516,0
16:45:20,970415,probe12,11748972,14849516,0
16:45:21,970415,probe12,11753596,14849516,0
16:45:22,970415,probe12,11753596,14849516,0
16:45:23,970415,probe12,11761180,14849516,0
16:45:24,970415,probe12,11763064,14849516,0
16:45:25,970415,probe12,11764948,14849516,0
16:45:26,970415,probe12,11912356,14849516,0
16:45:27,970415,probe12,12052916,14849516,0
16:45:28,970415,probe12,12028004,14849516,0
16:45:29,970415,probe12,12239044,14849516,0
16:45:30,970415,probe12,12370468,14849516,0
16:45:31,970415,probe12,12370468,14849516,0
16:45:32,970415,probe12,12370468,14849516,0
16:45:33,970415,probe12,12370468,14849516,0
16:45:34,970415,probe12,12370468,14849516,0
16:45:35,970415,probe12,12370468,14849516,0
16:45:36,970415,probe12,12370468,14849516,0
16:45:37,970415,probe12,12458820,14849516,0
16:45:38,970415,probe12,12576628,14849516,0
16:45:39,970415,probe12,12335184,14849516,0
16:45:40,970415,probe12,12657488,14849516,0
16:45:41,970415,probe12,12362836,14849516,0
16:45:42,970415,probe12,12828432,14849516,0
16:45:43,970415,probe12,13208892,14849516,0
16:45:44,970415,probe12,13013320,14849516,0
16:45:45,970415,probe12,13013320,14849516,0
16:45:46,970415,probe12,13013320,14849516,0
16:45:47,970415,probe12,13013320,14849516,0
16:45:48,970415,probe12,13013320,14849516,0
16:45:49,970415,probe12,13013320,14849516,0
16:45:50,970415,probe12,13013320,14849516,0
16:45:51,970415,probe12,13013320,14849516,0
16:45:52,970415,probe12,13013320,14849516,0
16:45:53,970415,probe12,13013320,14849516,0
16:45:54,970415,probe12,13013320,14849516,0
16:45:55,970415,probe12,13013320,14849516,0
16:45:56,970415,probe12,13013320,14849516,0
16:45:57,970415,probe12,13013320,14849516,0
16:45:59,970415,probe12,13013320,14849516,0
16:46:00,970415,probe12,13013320,14849516,0
16:46:01,970415,probe12,13013320,14849516,0
16:46:02,970415,probe12,13013320,14849516,0
16:46:03,970415,probe12,13013320,14849516,0
16:46:04,970415,probe12,13013320,14849516,0
16:46:05,970415,probe12,13013320,14849516,0
16:46:06,970415,probe12,13013320,14849516,0
16:46:07,970415,probe12,13013320,14849516,0
16:46:08,970415,probe12,13013320,14849516,0
16:46:09,970415,probe12,13013320,14849516,0
16:46:10,970415,probe12,13013320,14849516,0
16:46:11,970415,probe12,13013320,14849516,0
16:46:12,970415,probe12,13013320,14849516,0
16:46:13,970415,probe12,13013320,14849516,0
16:46:14,970415,probe12,13013320,14849516,0
16:46:15,970415,probe12,13013320,14849516,0
16:46:16,970415,probe12,13013320,14849516,0
16:46:17,970415,probe12,13013320,14849516,0
16:46:18,970415,probe12,13013320,14849516,0
16:46:19,970415,probe12,13013320,14849516,0
16:46:20,970415,probe12,13013320,14849516,0
16:46:21,970415,probe12,13013320,14849516,0
16:46:22,970415,probe12,13013320,14849516,0
16:46:23,970415,probe12,13013320,14849516,0
16:46:24,970415,probe12,13013320,14849516,0
16:46:25,970415,probe12,13013320,14849516,0
16:46:26,970415,probe12,13013320,14849516,0
16:46:27,970415,probe12,13013320,14849516,0
16:46:28,970415,probe12,13013320,14849516,0
16:46:29,970415,probe12,13013320,14849516,0
16:46:30,970415,probe12,13013320,14849516,0
16:46:31,970415,probe12,13013320,14849516,0
16:46:32,970415,probe12,13013320,14849516,0
16:46:33,970415,probe12,13013320,14849516,0
16:46:34,970415,probe12,13013320,14849516,0
16:46:35,970415,probe12,13013320,14849516,0
16:46:36,970415,probe12,13013320,14849516,0
16:46:37,970415,probe12,13013320,14849516,0
16:46:38,970415,probe12,13013320,14849516,0
16:46:39,970415,probe12,13013320,14849516,0
16:46:40,970415,probe12,13013320,14849516,0
16:46:41,970415,probe12,13013320,14849516,0
16:46:42,970415,probe12,13013320,14849516,0
16:46:43,970415,probe12,13013320,14849516,0
16:46:44,970415,probe12,13013320,14849516,0
16:46:45,970415,probe12,13013320,14849516,0
16:46:46,970415,probe12,13013320,14849516,0
16:46:47,970415,probe12,13013320,14849516,0
16:46:48,970415,probe12,13013320,14849516,0
16:46:49,970415,probe12,13013320,14849516,0
16:46:50,970415,probe12,13013320,14849516,0
16:46:51,970415,probe12,13013320,14849516,0
16:46:52,970415,probe12,13013320,14849516,0
16:46:53,970415,probe12,13013320,14849516,0
16:46:54,970415,probe12,13013320,14849516,0
16:46:55,970415,probe12,13013320,14849516,0
16:46:56,970415,probe12,13013320,14849516,0
16:46:57,970415,probe12,13013320,14849516,0
16:46:58,970415,probe12,13013320,14849516,0
16:46:59,970415,probe12,13013320,14849516,0
16:47:00,970415,probe12,13013320,14849516,0
16:47:01,970415,probe12,13013320,14849516,0
16:47:02,970415,probe12,13013320,14849516,0
16:47:03,970415,probe12,13013320,14849516,0
16:47:04,970415,probe12,13013320,14849516,0
16:47:05,970415,probe12,13013320,14849516,0
16:47:06,970415,probe12,13013320,14849516,0
16:47:07,970415,probe12,13013320,14849516,0
16:47:08,970415,probe12,13013320,14849516,0
16:47:10,970415,probe12,13013320,14849516,0
16:47:11,970415,probe12,13013320,14849516,0
16:47:12,970415,probe12,13013320,14849516,0
16:47:13,970415,probe12,13013320,14849516,0
16:47:14,970415,probe12,12742984,14849516,0
16:47:15,970415,probe12,12414376,14849516,0
16:47:16,970415,probe12,12588656,14849516,0
16:47:17,970415,probe12,13087684,14849516,0
16:47:18,970415,probe12,13105084,14849516,0
16:47:19,970415,probe12,13105084,14849516,0
16:47:20,970415,probe12,13136636,14849516,0
16:47:21,970415,probe12,13136636,14849516,0
16:47:22,970415,probe12,13136636,14849516,0
16:47:23,970415,probe12,13136636,14849516,0
16:47:24,970415,probe12,13136636,14849516,0
16:47:25,970415,probe12,13136636,14849516,0
16:47:26,970415,probe12,13136636,14849516,0
16:47:27,970415,probe12,13228404,14849516,0
16:47:28,970415,probe12,13376032,14849516,0
16:47:29,970415,probe12,13111196,14849516,0
16:47:30,970415,probe12,13111196,14849516,0
16:47:31,970415,probe12,13111196,14849516,0
16:47:32,970415,probe12,13137128,14849516,0
16:47:33,970415,probe12,13137128,14849516,0
16:47:34,970415,probe12,13137128,14849516,0
16:47:35,970415,probe12,13137128,14849516,0
16:47:36,970415,probe12,13137128,14849516,0
16:47:37,970415,probe12,13137128,14849516,0
16:47:38,970415,probe12,13233316,14849516,0
16:47:39,970415,probe12,13351124,14849516,0
16:47:40,970415,probe12,13321668,14849516,0
16:47:41,970415,probe12,13411292,14849516,0
16:47:42,970415,probe12,13366368,14849516,0
16:47:43,970415,probe12,13742772,14849516,0
16:47:44,970415,probe12,14593080,14849516,0
16:47:45,970415,probe12,15075340,15098828,0
16:47:46,970415,probe12,15075340,15098828,0
16:47:47,970415,probe12,15189652,15213804,0
16:47:48,970415,probe12,15390812,15636040,0
16:47:49,970415,probe12,15560092,15636040,0
16:47:50,970415,probe12,13985292,15640328,0
16:47:51,970415,probe12,14545428,15640328,0
16:47:52,970415,probe12,15521868,15640328,0
16:47:53,970415,probe12,15105484,16137188,0
16:47:54,970415,probe12,15688924,16137188,0
16:47:55,970415,probe12,16669192,16669644,0
16:47:56,970415,probe12,17259644,17372896,0
16:47:57,970415,probe12,17788128,17788592,0
16:47:58,970415,probe12,18401368,18424108,0
16:47:59,970415,probe12,18600180,18600180,0
16:48:00,970415,probe12,18662888,18663272,0
16:48:01,970415,probe12,18986640,18986640,0
16:48:02,970415,probe12,18823508,18984316,0
16:48:03,970415,probe12,15800328,18984316,0
16:48:04,970415,probe12,15800328,18984316,0
16:48:05,970415,probe12,15800328,18984316,0
16:48:06,970415,probe12,15800428,18984316,0
16:48:07,970415,probe12,15800428,18984316,0
16:48:08,970415,probe12,15800428,18984316,0
16:48:09,970415,probe12,15800428,18984316,0
16:48:10,970415,probe12,15800428,18984316,0
16:48:11,970415,probe12,15800428,18984316,0
16:48:12,970415,probe12,15800428,18984316,0
16:48:13,970415,probe12,15800428,18984316,0
16:48:14,970415,probe12,15800428,18984316,0
16:48:15,970415,probe12,15802344,18984316,0
16:48:16,970415,probe12,15802344,18984316,0
16:48:17,970415,probe12,15803356,18984316,0
16:48:19,970415,probe12,15803356,18984316,0
16:48:20,970415,probe12,15819728,18984316,0
16:48:21,970415,probe12,15819728,18984316,0
16:48:22,970415,probe12,15819728,18984316,0
16:48:23,970415,probe12,15819728,18984316,0
16:48:24,970415,probe12,15819728,18984316,0
16:48:25,970415,probe12,15819728,18984316,0
16:48:26,970415,probe12,15819728,18984316,0
16:48:27,970415,probe12,15819728,18984316,0
16:48:28,970415,probe12,15819728,18984316,0
16:48:29,970415,probe12,15819728,18984316,0
16:48:30,970415,probe12,15819728,18984316,0
16:48:31,970415,probe12,15819728,18984316,0
16:48:32,970415,probe12,15819728,18984316,0
16:48:33,970415,probe12,15819728,18984316,0
16:48:34,970415,probe12,15819728,18984316,0
16:48:35,970415,probe12,15819728,18984316,0
16:48:36,970415,probe12,15819728,18984316,0
16:48:37,970415,probe12,15819728,18984316,0
16:48:38,970415,probe12,15819728,18984316,0
16:48:39,970415,probe12,15819728,18984316,0
16:48:40,970415,probe12,15819728,18984316,0
16:48:41,970415,probe12,15819728,18984316,0
16:48:42,970415,probe12,15819728,18984316,0
16:48:43,970415,probe12,15819728,18984316,0
16:48:44,970415,probe12,15819728,18984316,0
16:48:45,970415,probe12,15819728,18984316,0
16:48:46,970415,probe12,15819728,18984316,0
16:48:47,970415,probe12,15819728,18984316,0
16:48:48,970415,probe12,15819728,18984316,0
16:48:49,970415,probe12,15819728,18984316,0
16:48:50,970415,probe12,15819728,18984316,0
16:48:51,970415,probe12,15819728,18984316,0
16:48:52,970415,probe12,15819728,18984316,0
16:48:53,970415,probe12,15819728,18984316,0
16:48:54,970415,probe12,15819728,18984316,0
16:48:55,970415,probe12,15819728,18984316,0
16:48:56,970415,probe12,15819728,18984316,0
16:48:57,970415,probe12,15819728,18984316,0
16:48:58,970415,probe12,15819728,18984316,0
16:48:59,970415,probe12,15819728,18984316,0
16:49:00,970415,probe12,15819728,18984316,0
16:49:01,970415,probe12,15819728,18984316,0
16:49:02,970415,probe12,15819728,18984316,0
16:49:03,970415,probe12,15819728,18984316,0
16:49:04,970415,probe12,15819728,18984316,0
16:49:05,970415,probe12,15819728,18984316,0
16:49:06,970415,probe12,15819728,18984316,0
16:49:07,970415,probe12,15819728,18984316,0
16:49:08,970415,probe12,15819728,18984316,0
16:49:09,970415,probe12,15819728,18984316,0
16:49:10,970415,probe12,15819728,18984316,0
16:49:11,970415,probe12,15819728,18984316,0
16:49:12,970415,probe12,15819728,18984316,0
16:49:13,970415,probe12,15819728,18984316,0
16:49:14,970415,probe12,15819728,18984316,0
16:49:15,970415,probe12,15819728,18984316,0
16:49:16,970415,probe12,15819728,18984316,0
16:49:17,970415,probe12,15819728,18984316,0
16:49:18,970415,probe12,15819728,18984316,0
16:49:19,970415,probe12,15819728,18984316,0
16:49:20,970415,probe12,15819728,18984316,0
16:49:21,970415,probe12,15819728,18984316,0
16:49:22,970415,probe12,15819728,18984316,0
16:49:23,970415,probe12,15819728,18984316,0
16:49:24,970415,probe12,15819728,18984316,0
16:49:25,970415,probe12,15819728,18984316,0
16:49:26,970415,probe12,15819728,18984316,0
16:49:27,970415,probe12,15819728,18984316,0
16:49:28,970415,probe12,15819728,18984316,0
16:49:30,970415,probe12,15819728,18984316,0
16:49:31,970415,probe12,15819728,18984316,0
16:49:32,970415,probe12,15819728,18984316,0
16:49:33,970415,probe12,15819728,18984316,0
16:49:34,970415,probe12,15819728,18984316,0
16:49:35,970415,probe12,15819728,18984316,0
16:49:36,970415,probe12,15819728,18984316,0
16:49:37,970415,probe12,15819728,18984316,0
16:49:38,970415,probe12,15819728,18984316,0
16:49:39,970415,probe12,15819728,18984316,0
16:49:40,970415,probe12,15819728,18984316,0
16:49:41,970415,probe12,15819728,18984316,0
16:49:42,970415,probe12,15819728,18984316,0
16:49:43,970415,probe12,15819736,18984316,0
16:49:44,970415,probe12,15823904,18984316,0
16:49:45,970415,probe12,15823904,18984316,0
16:49:46,970415,probe12,15976036,18984316,0
16:49:47,970415,probe12,16017064,18984316,0
16:49:48,970415,probe12,16017064,18984316,0
16:49:49,970415,probe12,16017064,18984316,0
16:49:50,970415,probe12,16017064,18984316,0
16:49:51,970415,probe12,16017064,18984316,0
16:49:52,970415,probe12,16017064,18984316,0
16:49:53,970415,probe12,16017064,18984316,0
16:49:54,970415,probe12,16017064,18984316,0
16:49:55,970415,probe12,16017064,18984316,0
16:49:56,970415,probe12,16017064,18984316,0
16:49:57,970415,probe12,16017064,18984316,0
16:49:58,970415,probe12,16017064,18984316,0
16:49:59,970415,probe12,16017064,18984316,0
16:50:00,970415,probe12,16017064,18984316,0
16:50:01,970415,probe12,16017064,18984316,0
16:50:02,970415,probe12,16017064,18984316,0
16:50:03,970415,probe12,16017064,18984316,0
16:50:04,970415,probe12,16017064,18984316,0
16:50:05,970415,probe12,16017064,18984316,0
16:50:06,970415,probe12,16017064,18984316,0
16:50:07,970415,probe12,16017064,18984316,0
16:50:08,970415,probe12,16017064,18984316,0
16:50:09,970415,probe12,16017064,18984316,0
16:50:10,970415,probe12,16017064,18984316,0
16:50:11,970415,probe12,16017064,18984316,0
16:50:12,970415,probe12,16119464,18984316,0
16:50:13,970415,probe12,16414544,18984316,0
16:50:14,970415,probe12,17556632,18984316,0
16:50:15,970415,probe12,17556632,18984316,0
16:50:16,970415,probe12,17556632,18984316,0
16:50:17,970415,probe12,17704016,18984316,0
16:50:18,970415,probe12,17913740,18984316,0
16:50:19,970415,probe12,18067940,18984316,0
16:50:20,970415,probe12,16403928,18984316,0
16:50:21,970415,probe12,16986760,18984316,0
16:50:22,970415,probe12,18052876,18984316,0
16:50:23,970415,probe12,17409176,18984316,0
16:50:24,970415,probe12,17627312,18984316,0
16:50:25,970415,probe12,18744772,18984316,0
16:50:26,970415,probe12,19299020,19299368,0
16:50:27,970415,probe12,19728448,19728968,0
16:50:28,970415,probe12,20335120,20335320,0
16:50:29,970415,probe12,20598512,20598512,0
16:50:30,970415,probe12,20658824,20659216,0
16:50:31,970415,probe12,20984672,20984672,0
16:50:32,970415,probe12,20823640,20982364,0
16:50:33,970415,probe12,19191492,21557136,0
16:50:34,970415,probe12,18137092,21557136,0
16:50:35,970415,probe12,18137092,21557136,0
16:50:36,970415,probe12,18137092,21557136,0
16:50:37,970415,probe12,18137092,21557136,0
16:50:39,970415,probe12,18137092,21557136,0
16:50:40,970415,probe12,18137092,21557136,0
16:50:41,970415,probe12,18137092,21557136,0
16:50:42,970415,probe12,18137092,21557136,0
16:50:43,970415,probe12,18137092,21557136,0
16:50:44,970415,probe12,18137092,21557136,0
16:50:45,970415,probe12,18137092,21557136,0
16:50:46,970415,probe12,18137092,21557136,0
16:50:47,970415,probe12,18137092,21557136,0
16:50:48,970415,probe12,18137092,21557136,0
16:50:49,970415,probe12,18155096,21557136,0
16:50:50,970415,probe12,18155096,21557136,0
16:50:51,970415,probe12,18155096,21557136,0
16:50:52,970415,probe12,18155096,21557136,0
16:50:53,970415,probe12,18155096,21557136,0
16:50:54,970415,probe12,18155096,21557136,0
16:50:55,970415,probe12,18155096,21557136,0
16:50:56,970415,probe12,18155096,21557136,0
16:50:57,970415,probe12,18155096,21557136,0
16:50:58,970415,probe12,18155096,21557136,0
16:50:59,970415,probe12,18155096,21557136,0
16:51:00,970415,probe12,18155096,21557136,0
16:51:01,970415,probe12,18155096,21557136,0
16:51:02,970415,probe12,18155096,21557136,0
16:51:03,970415,probe12,18155096,21557136,0
16:51:04,970415,probe12,18155096,21557136,0
16:51:05,970415,probe12,18155096,21557136,0
16:51:06,970415,probe12,18155096,21557136,0
16:51:07,970415,probe12,18155096,21557136,0
16:51:08,970415,probe12,18155096,21557136,0
16:51:09,970415,probe12,18155096,21557136,0
16:51:10,970415,probe12,18155096,21557136,0
16:51:11,970415,probe12,18155096,21557136,0
16:51:12,970415,probe12,18155096,21557136,0
16:51:13,970415,probe12,18155096,21557136,0
16:51:14,970415,probe12,18155096,21557136,0
16:51:15,970415,probe12,18155096,21557136,0
16:51:16,970415,probe12,18155096,21557136,0
16:51:17,970415,probe12,18155096,21557136,0
16:51:18,970415,probe12,18155096,21557136,0
16:51:19,970415,probe12,18155096,21557136,0
16:51:20,970415,probe12,18155096,21557136,0
16:51:21,970415,probe12,18155096,21557136,0
16:51:22,970415,probe12,18155096,21557136,0
16:51:23,970415,probe12,18155096,21557136,0
16:51:24,970415,probe12,18155096,21557136,0
16:51:25,970415,probe12,18155096,21557136,0
16:51:26,970415,probe12,18155096,21557136,0
16:51:27,970415,probe12,18155096,21557136,0
16:51:28,970415,probe12,18155096,21557136,0
16:51:29,970415,probe12,18155096,21557136,0
16:51:30,970415,probe12,18155096,21557136,0
16:51:31,970415,probe12,18155096,21557136,0
16:51:32,970415,probe12,18155096,21557136,0
16:51:33,970415,probe12,18155096,21557136,0
16:51:34,970415,probe12,18155096,21557136,0
16:51:35,970415,probe12,18155096,21557136,0
16:51:36,970415,probe12,18155096,21557136,0
16:51:37,970415,probe12,18155096,21557136,0
16:51:38,970415,probe12,18155096,21557136,0
16:51:39,970415,probe12,18155096,21557136,0
16:51:40,970415,probe12,18155096,21557136,0
16:51:41,970415,probe12,18155096,21557136,0
16:51:42,970415,probe12,18155096,21557136,0
16:51:43,970415,probe12,18155096,21557136,0
16:51:44,970415,probe12,18155096,21557136,0
16:51:45,970415,probe12,18155096,21557136,0
16:51:46,970415,probe12,18155096,21557136,0
16:51:47,970415,probe12,18155096,21557136,0
16:51:48,970415,probe12,18155096,21557136,0
16:51:50,970415,probe12,18155096,21557136,0
16:51:51,970415,probe12,18155096,21557136,0
16:51:52,970415,probe12,18155096,21557136,0
16:51:53,970415,probe12,18155096,21557136,0
16:51:54,970415,probe12,18155096,21557136,0
16:51:55,970415,probe12,18155096,21557136,0
16:51:56,970415,probe12,18155096,21557136,0
16:51:57,970415,probe12,18155096,21557136,0
16:51:58,970415,probe12,18155096,21557136,0
16:51:59,970415,probe12,18155096,21557136,0
16:52:00,970415,probe12,18155096,21557136,0
16:52:01,970415,probe12,18155096,21557136,0
16:52:02,970415,probe12,18155096,21557136,0
16:52:03,970415,probe12,18155096,21557136,0
16:52:04,970415,probe12,18155096,21557136,0
16:52:05,970415,probe12,18155096,21557136,0
16:52:06,970415,probe12,18155096,21557136,0
16:52:07,970415,probe12,18155096,21557136,0
16:52:08,970415,probe12,18155096,21557136,0
16:52:09,970415,probe12,18155096,21557136,0
16:52:10,970415,probe12,18155096,21557136,0
16:52:11,970415,probe12,18155096,21557136,0
16:52:12,970415,probe12,18155096,21557136,0
16:52:13,970415,probe12,18155096,21557136,0
16:52:14,970415,probe12,18155096,21557136,0
16:52:15,970415,probe12,18155096,21557136,0
16:52:16,970415,probe12,18155096,21557136,0
16:52:17,970415,probe12,18155096,21557136,0
16:52:18,970415,probe12,18411948,21557136,0
16:52:19,970415,probe12,18308592,21557136,0
16:52:20,970415,probe12,18308592,21557136,0
16:52:21,970415,probe12,18308592,21557136,0
16:52:22,970415,probe12,18308592,21557136,0
16:52:23,970415,probe12,18308592,21557136,0
16:52:24,970415,probe12,18308592,21557136,0
16:52:25,970415,probe12,18308592,21557136,0
16:52:26,970415,probe12,18308592,21557136,0
16:52:27,970415,probe12,18308592,21557136,0
16:52:28,970415,probe12,18308592,21557136,0
16:52:29,970415,probe12,18308592,21557136,0
16:52:30,970415,probe12,18309540,21557136,0
16:52:31,970415,probe12,18310188,21557136,0
16:52:32,970415,probe12,21961216,21961880,0
16:52:33,970415,probe12,22215972,22879248,0
16:52:34,970415,probe12,18321368,23572116,0
16:52:35,970415,probe12,18321812,23572116,0
16:52:36,970415,probe12,16563584,23572116,0
16:52:37,970415,probe12,16568464,23572116,0
16:52:38,970415,probe12,16583900,23572116,0
16:52:39,970415,probe12,17445668,23572116,0
16:52:40,970415,probe12,17445668,23572116,0
16:52:41,970415,probe12,17508520,23572116,0
16:52:42,970415,probe12,17655648,23572116,0
16:52:43,970415,probe12,17873000,23572116,0
16:52:44,970415,probe12,16584104,23572116,0
16:52:45,970415,probe12,16584472,23572116,0
16:52:46,970415,probe12,17671632,23572116,0
16:52:47,970415,probe12,18099568,23572116,0
16:52:48,970415,probe12,21498588,23572116,0
16:52:49,970415,probe12,26405828,26409256,0
16:52:50,970415,probe12,30302624,30305544,0
16:52:51,970415,probe12,34165396,34215524,0
16:52:52,970415,probe12,37317532,37326328,0
16:52:53,970415,probe12,40706772,40710172,0
16:52:54,970415,probe12,44177524,44315400,0
16:52:55,970415,probe12,45529604,45596296,702956
16:52:57,970415,probe12,45386300,45596296,1718236
16:52:58,970415,probe12,45172776,45596296,3177216
16:52:59,970415,probe12,44717400,45596296,5137304
16:53:00,970415,probe12,44428644,45596296,6620104
16:53:01,970415,probe12,44121012,45596296,6779440
16:53:02,970415,probe12,44385032,45596296,7358932
16:53:03,970415,probe12,43439892,45596296,7717460
16:53:04,970415,probe12,43028964,45596296,7586024
16:53:05,970415,probe12,44182532,45596296,6837392
16:53:06,970415,probe12,43979112,45596296,6606240
16:53:07,970415,probe12,44471132,45596296,7922968
16:53:08,970415,probe12,44315804,45596296,9114344
16:53:09,970415,probe12,44080240,45596296,10466084
16:53:10,970415,probe12,43935852,45596296,11792764
16:53:11,970415,probe12,43833940,45596296,12198584
16:53:12,970415,probe12,43688152,45596296,12665212
16:53:13,970415,probe12,43567604,45596296,13268068
16:53:14,970415,probe12,43583628,45596296,13423972
16:53:15,970415,probe12,43469712,45596296,14081404
16:53:16,970415,probe12,43331300,45596296,14284972
16:53:17,970415,probe12,42842916,45596296,14583796
16:53:18,970415,probe12,43152016,45596296,14763932
16:53:19,970415,probe12,42915036,45596296,15259644
16:53:20,970415,probe12,43231344,45596296,15375312
16:53:21,970415,probe12,43043472,45596296,15637828
16:53:22,970415,probe12,42876392,45596296,15962192
16:53:23,970415,probe12,42885792,45596296,15952940
16:53:24,970415,probe12,42985536,45596296,15941336
16:53:26,970415,probe12,42997836,45596296,15797676
16:53:27,970415,probe12,43133144,45596296,15823120
16:53:28,970415,probe12,42963128,45596296,15780360
16:53:29,970415,probe12,43114508,45596296,15871364
16:53:30,970415,probe12,43052948,45596296,15719944
16:53:31,970415,probe12,43104576,45596296,15822804
16:53:32,970415,probe12,42690444,45596296,15810944
16:53:33,970415,probe12,43042548,45596296,15972960
16:53:34,970415,probe12,42679324,45596296,15963448
16:53:35,970415,probe12,42838012,45596296,16118752
16:53:36,970415,probe12,42907964,45596296,16048876
16:53:37,970415,probe12,42985444,45596296,16030156
16:53:38,970415,probe12,42561876,45596296,16027736
16:53:39,970415,probe12,43255728,45596296,16080636
16:53:40,970415,probe12,43012324,45596296,16326124
16:53:41,970415,probe12,43190352,45596296,16260248
16:53:42,970415,probe12,42996156,45596296,16679664
16:53:43,970415,probe12,42988516,45596296,16738236
16:53:44,970415,probe12,43108976,45596296,17551864
16:53:45,970415,probe12,42701208,45596296,17326112
16:53:46,970415,probe12,42928728,45596296,17252436
16:53:47,970415,probe12,42474092,45596296,17469272
16:53:48,970415,probe12,42891264,45596296,17956824
16:53:49,970415,probe12,42461568,45596296,18030848
16:53:50,970415,probe12,43032792,45596296,18660060
16:53:51,970415,probe12,41788436,45596296,19168236
16:53:52,970415,probe12,41767744,45596296,18996808
16:53:53,970415,probe12,41843524,45596296,18922488
16:53:54,970415,probe12,42456612,45596296,18870280
16:53:55,970415,probe12,42239532,45596296,19089876
16:53:56,970415,probe12,41660164,45596296,19196884
16:53:57,970415,probe12,42102352,45596296,19149172
16:53:58,970415,probe12,42001740,45596296,19145036
16:53:59,970415,probe12,41840520,45596296,18959028
16:54:00,970415,probe12,42328336,45596296,18956228
16:54:01,970415,probe12,42119172,45596296,18952524
16:54:02,970415,probe12,42277528,45596296,18948548
16:54:03,970415,probe12,42338172,45596296,18946780
16:54:04,970415,probe12,42137440,45596296,18934904
16:54:05,970415,probe12,42338016,45596296,18889012
16:54:06,970415,probe12,42398844,45596296,18887012
16:54:07,970415,probe12,42488392,45596296,18584788
16:54:08,970415,probe12,41559888,45596296,18203252
16:54:09,970415,probe12,38219472,45596296,16720448
16:54:10,970415,probe12,35361668,45596296,15049648
16:54:11,970415,probe12,30793760,45596296,14178404
16:54:12,970415,probe12,28360896,45596296,12926232
16:54:13,970415,probe12,26819552,45596296,11482468
16:54:14,970415,probe12,22448108,45596296,9644280
16:54:15,970415,probe12,18494852,45596296,8896212
16:54:16,970415,probe12,19074844,45596296,7848600
16:54:17,970415,probe12,19960560,45596296,6964432
16:54:18,970415,probe12,19564240,45596296,6797124
16:54:20,970415,probe12,19564296,45596296,6797068
16:54:21,970415,probe12,19564296,45596296,6797068
16:54:22,970415,probe12,19564300,45596296,6797064
16:54:23,970415,probe12,19564300,45596296,6797064
16:54:24,970415,probe12,19564300,45596296,6797064
16:54:25,970415,probe12,19564300,45596296,6797064
16:54:26,970415,probe12,19564304,45596296,6797060
16:54:27,970415,probe12,19564308,45596296,6797056
16:54:28,970415,probe12,19564316,45596296,6797048
16:54:29,970415,probe12,19564320,45596296,6797044
16:54:30,970415,probe12,19564324,45596296,6797040
16:54:31,970415,probe12,19564324,45596296,6797040
16:54:32,970415,probe12,19564324,45596296,6797040
16:54:33,970415,probe12,19564324,45596296,6797040
16:54:34,970415,probe12,19564324,45596296,6797040
16:54:35,970415,probe12,19564324,45596296,6797040
16:54:36,970415,probe12,19564324,45596296,6797040
16:54:37,970415,probe12,19564324,45596296,6797040
16:54:38,970415,probe12,19564324,45596296,6797040
16:54:39,970415,probe12,19564324,45596296,6797040
16:54:40,970415,probe12,19564324,45596296,6797040
16:54:41,970415,probe12,19564336,45596296,6797028
16:54:42,970415,probe12,19564344,45596296,6797020
16:54:43,970415,probe12,19564344,45596296,6797020
16:54:44,970415,probe12,19564344,45596296,6797020
16:54:45,970415,probe12,19564344,45596296,6797020
16:54:46,970415,probe12,19564344,45596296,6797020
16:54:47,970415,probe12,19566596,45596296,6794768
16:54:48,970415,probe12,19567548,45596296,6793816
16:54:49,970415,probe12,19567556,45596296,6793808
16:54:50,970415,probe12,19567560,45596296,6793804
16:54:51,970415,probe12,19567564,45596296,6793800
16:54:52,970415,probe12,19567564,45596296,6793800
16:54:53,970415,probe12,19568136,45596296,6793228
16:54:54,970415,probe12,19568140,45596296,6793224
16:54:55,970415,probe12,19568300,45596296,6793064
16:54:56,970415,probe12,19568304,45596296,6793060
16:54:57,970415,probe12,19568304,45596296,6793060
16:54:58,970415,probe12,19568308,45596296,6793056
16:54:59,970415,probe12,19568308,45596296,6793056
16:55:00,970415,probe12,19568312,45596296,6793052
16:55:01,970415,probe12,19568316,45596296,6793048
16:55:02,970415,probe12,19568316,45596296,6793048
16:55:03,970415,probe12,19568320,45596296,6793044
16:55:04,970415,probe12,19568320,45596296,6793044
16:55:05,970415,probe12,19568320,45596296,6793044
16:55:06,970415,probe12,19568320,45596296,6792656
16:55:07,970415,probe12,19568712,45596296,6792652
16:55:08,970415,probe12,19568720,45596296,6792644
16:55:09,970415,probe12,19568720,45596296,6792644
16:55:10,970415,probe12,19569408,45596296,6791956
16:55:11,970415,probe12,19569408,45596296,6791956
16:55:12,970415,probe12,19569412,45596296,6791952
16:55:13,970415,probe12,19569412,45596296,6791952
16:55:14,970415,probe12,19569416,45596296,6791948
16:55:15,970415,probe12,19569420,45596296,6791944
16:55:16,970415,probe12,19569420,45596296,6791944
16:55:17,970415,probe12,19569424,45596296,6791940
16:55:18,970415,probe12,19569424,45596296,6791940
16:55:19,970415,probe12,19569424,45596296,6791940
16:55:20,970415,probe12,19569424,45596296,6791940
16:55:21,970415,probe12,19569428,45596296,6791936
16:55:22,970415,probe12,19569428,45596296,6791936
16:55:23,970415,probe12,19569432,45596296,6791932
16:55:24,970415,probe12,19569432,45596296,6791932
16:55:25,970415,probe12,19569436,45596296,6791928
16:55:27,970415,probe12,19569440,45596296,6791924
16:55:28,970415,probe12,19569440,45596296,6791924
16:55:29,970415,probe12,19569448,45596296,6791916
16:55:30,970415,probe12,19569728,45596296,6791636
16:55:31,970415,probe12,19569736,45596296,6791628
16:55:32,970415,probe12,19569736,45596296,6791628
16:55:33,970415,probe12,19569936,45596296,6791460
16:55:34,970415,probe12,19569936,45596296,6791460
16:55:35,970415,probe12,19570268,45596296,6791128
16:55:36,970415,probe12,19570272,45596296,6791124
16:55:37,970415,probe12,19570272,45596296,6791124
16:55:38,970415,probe12,19570276,45596296,6791120
16:55:39,970415,probe12,19570276,45596296,6791120
16:55:40,970415,probe12,19570280,45596296,6791116
16:55:41,970415,probe12,19570280,45596296,6791116
16:55:42,970415,probe12,19570284,45596296,6791112
16:55:43,970415,probe12,19570288,45596296,6791108
16:55:44,970415,probe12,19570292,45596296,6791104
16:55:45,970415,probe12,19570296,45596296,6791100
16:55:46,970415,probe12,19570296,45596296,6791100
16:55:47,970415,probe12,19570300,45596296,6791096
16:55:48,970415,probe12,19570300,45596296,6791096
16:55:49,970415,probe12,19570300,45596296,6791096
16:55:50,970415,probe12,19570300,45596296,6791096
16:55:51,970415,probe12,19570304,45596296,6791092
16:55:52,970415,probe12,19570304,45596296,6791092
16:55:53,970415,probe12,19570308,45596296,6791088
16:55:54,970415,probe12,19570308,45596296,6791088
16:55:55,970415,probe12,19570312,45596296,6791084
16:55:56,970415,probe12,19570352,45596296,6791044
16:55:57,970415,probe12,19570356,45596296,6791040
16:55:58,970415,probe12,19570836,45596296,6790560
16:55:59,970415,probe12,19570836,45596296,6790560
16:56:00,970415,probe12,19570840,45596296,6790556
16:56:01,970415,probe12,19570872,45596296,6790524
16:56:02,970415,probe12,19570876,45596296,6790520
16:56:03,970415,probe12,19570876,45596296,6790520
16:56:04,970415,probe12,19570876,45596296,6790520
16:56:05,970415,probe12,19570880,45596296,6790516
16:56:06,970415,probe12,19570880,45596296,6790516
16:56:07,970415,probe12,19570884,45596296,6790512
16:56:08,970415,probe12,19570884,45596296,6790512
16:56:09,970415,probe12,19570888,45596296,6790508
16:56:10,970415,probe12,19570888,45596296,6790508
16:56:11,970415,probe12,19570892,45596296,6790504
16:56:12,970415,probe12,19570892,45596296,6790504
16:56:13,970415,probe12,19570896,45596296,6790500
16:56:14,970415,probe12,19570896,45596296,6790500
16:56:15,970415,probe12,19571120,45596296,6790276
16:56:16,970415,probe12,19571496,45596296,6789900
16:56:17,970415,probe12,19571496,45596296,6789900
16:56:18,970415,probe12,19571496,45596296,6789900
16:56:19,970415,probe12,19571496,45596296,6789900
16:56:20,970415,probe12,19572312,45596296,6789084
16:56:21,970415,probe12,19572316,45596296,6789080
16:56:22,970415,probe12,19572320,45596296,6789076
16:56:23,970415,probe12,19572360,45596296,6789036
16:56:24,970415,probe12,19572404,45596296,6788992
16:56:25,970415,probe12,19572488,45596296,6788908
16:56:26,970415,probe12,19573168,45596296,6788228
16:56:27,970415,probe12,19573176,45596296,6788220
16:56:28,970415,probe12,19573176,45596296,6788220
16:56:29,970415,probe12,19573184,45596296,6788212
16:56:30,970415,probe12,19573184,45596296,6788212
16:56:31,970415,probe12,19573192,45596296,6788204
16:56:32,970415,probe12,19573192,45596296,6788204
16:56:34,970415,probe12,19573196,45596296,6788200
16:56:35,970415,probe12,19573196,45596296,6788200
16:56:36,970415,probe12,19573200,45596296,6788196
16:56:37,970415,probe12,19573932,45596296,6787464
16:56:38,970415,probe12,19573936,45596296,6787460
16:56:39,970415,probe12,19574636,45596296,6786760
16:56:40,970415,probe12,19574640,45596296,6786756
16:56:41,970415,probe12,19574644,45596296,6786752
16:56:42,970415,probe12,19574644,45596296,6786752
16:56:43,970415,probe12,19574984,45596296,6786412
16:56:44,970415,probe12,19574984,45596296,6786412
16:56:45,970415,probe12,19575796,45596296,6785600
16:56:46,970415,probe12,19575796,45596296,6785600
16:56:47,970415,probe12,19575804,45596296,6785592
16:56:48,970415,probe12,19575804,45596296,6785592
16:56:49,970415,probe12,19575804,45596296,6785592
16:56:50,970415,probe12,19576048,45596296,6785348
16:56:51,970415,probe12,19576052,45596296,6785344
16:56:52,970415,probe12,19576052,45596296,6785344
16:56:53,970415,probe12,19576056,45596296,6785340
16:56:54,970415,probe12,19576944,45596296,6784452
16:56:55,970415,probe12,19576952,45596296,6784444
16:56:56,970415,probe12,19576956,45596296,6784440
16:56:57,970415,probe12,19576956,45596296,6784440
16:56:58,970415,probe12,19576960,45596296,6784436
16:56:59,970415,probe12,19576960,45596296,6784436
16:57:00,970415,probe12,19577156,45596296,6784240
16:57:01,970415,probe12,19577156,45596296,6784240
16:57:02,970415,probe12,19577164,45596296,6784232
16:57:03,970415,probe12,19577164,45596296,6784232
16:57:04,970415,probe12,19577164,45596296,6784232
16:57:05,970415,probe12,19577348,45596296,6784048
16:57:06,970415,probe12,19577348,45596296,6784048
16:57:07,970415,probe12,19577696,45596296,6783700
16:57:08,970415,probe12,19577696,45596296,6783700
16:57:09,970415,probe12,19577696,45596296,6783700
16:57:10,970415,probe12,19578388,45596296,6783008
16:57:11,970415,probe12,19578416,45596296,6782980
16:57:12,970415,probe12,19578416,45596296,6782980
16:57:13,970415,probe12,19578416,45596296,6782980
16:57:14,970415,probe12,19578416,45596296,6782980
16:57:15,970415,probe12,19578416,45596296,6782980
16:57:16,970415,probe12,19578420,45596296,6782976
16:57:17,970415,probe12,19578424,45596296,6782972
16:57:18,970415,probe12,19579216,45596296,6782180
16:57:19,970415,probe12,19579288,45596296,6782108
16:57:20,970415,probe12,19579288,45596296,6782108
16:57:21,970415,probe12,19579288,45596296,6782108
16:57:22,970415,probe12,19579292,45596296,6782104
16:57:23,970415,probe12,19579416,45596296,6781980
16:57:24,970415,probe12,19579704,45596296,6781692
16:57:25,970415,probe12,19580004,45596296,6781392
16:57:26,970415,probe12,19580008,45596296,6781388
16:57:27,970415,probe12,19580008,45596296,6781388
16:57:28,970415,probe12,19580008,45596296,6781388
16:57:29,970415,probe12,19580012,45596296,6781384
16:57:30,970415,probe12,19580012,45596296,6781384
16:57:31,970415,probe12,19580012,45596296,6781384
16:57:32,970415,probe12,19580016,45596296,6781380
16:57:33,970415,probe12,19580016,45596296,6781380
16:57:34,970415,probe12,19580016,45596296,6781380
16:57:35,970415,probe12,19580016,45596296,6781380
16:57:36,970415,probe12,19580020,45596296,6781376
16:57:37,970415,probe12,19580020,45596296,6781376
16:57:38,970415,probe12,19580020,45596296,6781376
16:57:39,970415,probe12,19580020,45596296,6781376
16:57:41,970415,probe12,19580024,45596296,6781372
16:57:42,970415,probe12,19580024,45596296,6781372
16:57:43,970415,probe12,19580024,45596296,6781372
16:57:44,970415,probe12,19580024,45596296,6781372
16:57:45,970415,probe12,19580024,45596296,6781372
16:57:46,970415,probe12,19580024,45596296,6781372
16:57:47,970415,probe12,19580024,45596296,6781372
16:57:48,970415,probe12,19580024,45596296,6781372
16:57:49,970415,probe12,19580024,45596296,6781372
16:57:50,970415,probe12,19580024,45596296,6781372
16:57:51,970415,probe12,19580024,45596296,6781372
16:57:52,970415,probe12,19580024,45596296,6781372
16:57:53,970415,probe12,19580024,45596296,6781372
16:57:54,970415,probe12,19580024,45596296,6781372
16:57:55,970415,probe12,19580024,45596296,6781372
16:57:56,970415,probe12,19580024,45596296,6781372
16:57:57,970415,probe12,19580024,45596296,6781372
16:57:58,970415,probe12,19580024,45596296,6781372
16:57:59,970415,probe12,19580024,45596296,6781372
16:58:00,970415,probe12,19580024,45596296,6781372
16:58:01,970415,probe12,19580024,45596296,6781372
16:58:02,970415,probe12,19580024,45596296,6781372
16:58:03,970415,probe12,19580024,45596296,6781372
16:58:04,970415,probe12,19580024,45596296,6781372
16:58:05,970415,probe12,19580632,45596296,6780764
16:58:06,970415,probe12,19580640,45596296,6780756
16:58:07,970415,probe12,19580640,45596296,6780756
16:58:08,970415,probe12,19580640,45596296,6780756
16:58:09,970415,probe12,19580640,45596296,6780756
16:58:10,970415,probe12,19580648,45596296,6780748
16:58:11,970415,probe12,19580648,45596296,6780748
16:58:12,970415,probe12,19580648,45596296,6780748
16:58:13,970415,probe12,19580648,45596296,6780748
16:58:14,970415,probe12,19580652,45596296,6780744
16:58:15,970415,probe12,19580652,45596296,6780744
16:58:16,970415,probe12,19580652,45596296,6780744
16:58:17,970415,probe12,19581464,45596296,6779932
16:58:18,970415,probe12,19581464,45596296,6779932
16:58:19,970415,probe12,19581464,45596296,6779932
16:58:20,970415,probe12,19581468,45596296,6779928
16:58:21,970415,probe12,19581472,45596296,6779924
16:58:22,970415,probe12,19581472,45596296,6779924
16:58:23,970415,probe12,19581472,45596296,6779924
16:58:24,970415,probe12,19581472,45596296,6779924
16:58:25,970415,probe12,19581476,45596296,6779920
16:58:26,970415,probe12,19581476,45596296,6779920
16:58:27,970415,probe12,19581476,45596296,6779920
16:58:28,970415,probe12,19581480,45596296,6779916
16:58:29,970415,probe12,19581480,45596296,6779916
16:58:30,970415,probe12,19581480,45596296,6779916
16:58:31,970415,probe12,19581480,45596296,6779916
16:58:32,970415,probe12,19581480,45596296,6779916
16:58:33,970415,probe12,19581480,45596296,6779916
16:58:34,970415,probe12,19581484,45596296,6779912
16:58:35,970415,probe12,19581484,45596296,6779912
16:58:36,970415,probe12,19581484,45596296,6779912
16:58:37,970415,probe12,19581488,45596296,6779908
16:58:38,970415,probe12,19581488,45596296,6779908
16:58:39,970415,probe12,19581488,45596296,6779908
16:58:40,970415,probe12,19581488,45596296,6779908
16:58:41,970415,probe12,19581492,45596296,6779904
16:58:42,970415,probe12,19581492,45596296,6779904
16:58:43,970415,probe12,19581492,45596296,6779904
16:58:44,970415,probe12,19581492,45596296,6779904
16:58:45,970415,probe12,19581496,45596296,6779900
16:58:46,970415,probe12,19581496,45596296,6779900
16:58:48,970415,probe12,19581500,45596296,6779896
16:58:49,970415,probe12,19581500,45596296,6779896
16:58:50,970415,probe12,19581500,45596296,6779896
16:58:51,970415,probe12,19581500,45596296,6779896
16:58:52,970415,probe12,19582392,45596296,6779004
16:58:53,970415,probe12,19582392,45596296,6779004
16:58:54,970415,probe12,19582392,45596296,6779004
16:58:55,970415,probe12,19582396,45596296,6779000
16:58:56,970415,probe12,19582400,45596296,6778996
16:58:57,970415,probe12,19582400,45596296,6778996
16:58:58,970415,probe12,19582400,45596296,6778996
16:58:59,970415,probe12,19582404,45596296,6778992
16:59:00,970415,probe12,19582404,45596296,6778992
16:59:01,970415,probe12,19582404,45596296,6778992
16:59:02,970415,probe12,19582404,45596296,6778992
16:59:03,970415,probe12,19582408,45596296,6778988
16:59:04,970415,probe12,19582408,45596296,6778988
16:59:05,970415,probe12,19582408,45596296,6778988
16:59:06,970415,probe12,19582412,45596296,6778984
16:59:07,970415,probe12,19582416,45596296,6778980
16:59:08,970415,probe12,19582416,45596296,6778980
16:59:09,970415,probe12,19582420,45596296,6778976
16:59:10,970415,probe12,19582420,45596296,6778976
16:59:11,970415,probe12,19582424,45596296,6778972
16:59:12,970415,probe12,19582428,45596296,6778968
16:59:13,970415,probe12,19582428,45596296,6778968
16:59:14,970415,probe12,19582428,45596296,6778968
16:59:15,970415,probe12,19582428,45596296,6778968
16:59:16,970415,probe12,19582428,45596296,6778968
16:59:17,970415,probe12,19583180,45596296,6778216
16:59:18,970415,probe12,19583180,45596296,6778216
16:59:19,970415,probe12,19583180,45596296,6778216
16:59:20,970415,probe12,19583184,45596296,6778212
16:59:21,970415,probe12,19583184,45596296,6778212
16:59:22,970415,probe12,19583184,45596296,6778212
16:59:23,970415,probe12,19583184,45596296,6778212
16:59:24,970415,probe12,19583184,45596296,6778212
16:59:25,970415,probe12,19583184,45596296,6778212
16:59:26,970415,probe12,19583188,45596296,6778208
16:59:27,970415,probe12,19583188,45596296,6778208
16:59:28,970415,probe12,19583188,45596296,6778208
16:59:29,970415,probe12,19584108,45596296,6777288
16:59:30,970415,probe12,19584108,45596296,6777288
16:59:31,970415,probe12,19584108,45596296,6777288
16:59:32,970415,probe12,19584232,45596296,6777164
16:59:33,970415,probe12,19584232,45596296,6777164
16:59:34,970415,probe12,19584240,45596296,6777156
16:59:35,970415,probe12,19584240,45596296,6777156
16:59:36,970415,probe12,19584240,45596296,6777156
16:59:37,970415,probe12,19585068,45596296,6776328
16:59:38,970415,probe12,19585072,45596296,6776324
16:59:39,970415,probe12,19585076,45596296,6776320
16:59:40,970415,probe12,19585076,45596296,6776320
16:59:41,970415,probe12,19585084,45596296,6776312
16:59:42,970415,probe12,19585088,45596296,6776308
16:59:43,970415,probe12,19585088,45596296,6776308
16:59:44,970415,probe12,19585208,45596296,6776188
16:59:45,970415,probe12,19585336,45596296,6776060
16:59:46,970415,probe12,19585340,45596296,6776056
16:59:47,970415,probe12,19585340,45596296,6776056
16:59:48,970415,probe12,19585340,45596296,6776056
16:59:49,970415,probe12,19585344,45596296,6776052
16:59:50,970415,probe12,19585344,45596296,6776052
16:59:51,970415,probe12,19585344,45596296,6776052
16:59:52,970415,probe12,19585456,45596296,6775940
16:59:53,970415,probe12,19585456,45596296,6775940
16:59:55,970415,probe12,19585460,45596296,6775936
16:59:56,970415,probe12,19585460,45596296,6775936
16:59:57,970415,probe12,19585460,45596296,6775936
16:59:58,970415,probe12,19585464,45596296,6775932
16:59:59,970415,probe12,19585464,45596296,6775932
17:00:00,970415,probe12,19585492,45596296,6775904
17:00:01,970415,probe12,19585492,45596296,6775904
17:00:02,970415,probe12,19585492,45596296,6775904
17:00:03,970415,probe12,19585492,45596296,6775904
17:00:04,970415,probe12,19585492,45596296,6775904
17:00:05,970415,probe12,19585492,45596296,6775904
17:00:06,970415,probe12,19585492,45596296,6775904
17:00:07,970415,probe12,19585492,45596296,6775904
17:00:08,970415,probe12,19585492,45596296,6775904
17:00:09,970415,probe12,19585492,45596296,6775904
17:00:10,970415,probe12,19585492,45596296,6775904
17:00:11,970415,probe12,19585492,45596296,6775904
17:00:12,970415,probe12,19585492,45596296,6775904
17:00:13,970415,probe12,19585492,45596296,6775904
17:00:14,970415,probe12,19585492,45596296,6775904
17:00:15,970415,probe12,19585492,45596296,6775904
17:00:16,970415,probe12,19585492,45596296,6775904
17:00:17,970415,probe12,19585492,45596296,6775904
17:00:18,970415,probe12,19585492,45596296,6775904
17:00:19,970415,probe12,19585612,45596296,6775784
17:00:20,970415,probe12,19585612,45596296,6775784
17:00:21,970415,probe12,19585612,45596296,6775784
17:00:22,970415,probe12,19585616,45596296,6775780
17:00:23,970415,probe12,19585616,45596296,6775780
17:00:24,970415,probe12,19585616,45596296,6775780
17:00:25,970415,probe12,19585616,45596296,6775780
17:00:26,970415,probe12,19585620,45596296,6775776
17:00:27,970415,probe12,19585620,45596296,6775776
17:00:28,970415,probe12,19585620,45596296,6775776
17:00:29,970415,probe12,19585624,45596296,6775772
17:00:30,970415,probe12,19585624,45596296,6775772
17:00:31,970415,probe12,19585624,45596296,6775772
17:00:32,970415,probe12,19585624,45596296,6775772
17:00:33,970415,probe12,19586300,45596296,6775096
17:00:34,970415,probe12,19586300,45596296,6775096
17:00:35,970415,probe12,19586324,45596296,6775072
17:00:36,970415,probe12,19586324,45596296,6775072
17:00:37,970415,probe12,19586328,45596296,6775068
17:00:38,970415,probe12,19586328,45596296,6775068
17:00:39,970415,probe12,19586336,45596296,6775060
17:00:40,970415,probe12,19586336,45596296,6775060
17:00:41,970415,probe12,19586340,45596296,6775056
17:00:42,970415,probe12,19586344,45596296,6775052
17:00:43,970415,probe12,19586344,45596296,6775052
17:00:44,970415,probe12,19586344,45596296,6775052
17:00:45,970415,probe12,19586348,45596296,6775048
17:00:46,970415,probe12,19586348,45596296,6775048
17:00:47,970415,probe12,19586348,45596296,6775048
17:00:48,970415,probe12,19586348,45596296,6775048
17:00:49,970415,probe12,19586348,45596296,6775048
17:00:50,970415,probe12,19586348,45596296,6775048
17:00:51,970415,probe12,19586404,45596296,6774992
17:00:52,970415,probe12,19586404,45596296,6774992
17:00:53,970415,probe12,19586404,45596296,6774992
17:00:54,970415,probe12,19586404,45596296,6774992
17:00:55,970415,probe12,19586404,45596296,6774992
17:00:56,970415,probe12,19586404,45596296,6774992
17:00:57,970415,probe12,19586404,45596296,6774992
17:00:58,970415,probe12,19586404,45596296,6774992
17:00:59,970415,probe12,19586404,45596296,6774992
17:01:00,970415,probe12,19586404,45596296,6774992
17:01:02,970415,probe12,19586404,45596296,6774992
17:01:03,970415,probe12,19586408,45596296,6774988
17:01:04,970415,probe12,19586408,45596296,6774988
17:01:05,970415,probe12,19586408,45596296,6774988
17:01:06,970415,probe12,19586408,45596296,6774988
17:01:07,970415,probe12,19586408,45596296,6774988
17:01:08,970415,probe12,19586408,45596296,6774988
17:01:09,970415,probe12,19586408,45596296,6774988
17:01:10,970415,probe12,19586408,45596296,6774988
17:01:11,970415,probe12,19586660,45596296,6774736
17:01:12,970415,probe12,19586660,45596296,6774736
17:01:13,970415,probe12,19586660,45596296,6774736
17:01:14,970415,probe12,19586660,45596296,6774736
17:01:15,970415,probe12,19586660,45596296,6774736
17:01:16,970415,probe12,19586660,45596296,6774736
17:01:17,970415,probe12,19586664,45596296,6774732
17:01:18,970415,probe12,19586664,45596296,6774732
17:01:19,970415,probe12,19586664,45596296,6774732
17:01:20,970415,probe12,19586664,45596296,6774732
17:01:21,970415,probe12,19586668,45596296,6774728
17:01:22,970415,probe12,19586668,45596296,6774728
17:01:23,970415,probe12,19586668,45596296,6774728
17:01:24,970415,probe12,19586668,45596296,6774728
17:01:25,970415,probe12,19586668,45596296,6774728
17:01:26,970415,probe12,19586672,45596296,6774724
17:01:27,970415,probe12,19586672,45596296,6774724
17:01:28,970415,probe12,19586672,45596296,6774724
17:01:29,970415,probe12,19586676,45596296,6774720
17:01:30,970415,probe12,19586676,45596296,6774720
17:01:31,970415,probe12,19586676,45596296,6774720
17:01:32,970415,probe12,19586676,45596296,6774720
17:01:33,970415,probe12,19586680,45596296,6774716
17:01:34,970415,probe12,19586680,45596296,6774716
17:01:35,970415,probe12,19586680,45596296,6774716
17:01:36,970415,probe12,19586680,45596296,6774716
17:01:37,970415,probe12,19586684,45596296,6774712
17:01:38,970415,probe12,19586684,45596296,6774712
17:01:39,970415,probe12,19586684,45596296,6774712
17:01:40,970415,probe12,19586684,45596296,6774712
17:01:41,970415,probe12,19586684,45596296,6774712
17:01:42,970415,probe12,19586688,45596296,6774708
17:01:43,970415,probe12,19586688,45596296,6774708
17:01:44,970415,probe12,19586688,45596296,6774708
17:01:45,970415,probe12,19586688,45596296,6774708
17:01:46,970415,probe12,19586688,45596296,6774708
17:01:47,970415,probe12,19586688,45596296,6774708
17:01:48,970415,probe12,19586688,45596296,6774708
17:01:49,970415,probe12,19586688,45596296,6774708
17:01:50,970415,probe12,19586688,45596296,6774708
17:01:51,970415,probe12,19586688,45596296,6774708
17:01:52,970415,probe12,19586688,45596296,6774708
17:01:53,970415,probe12,19586688,45596296,6774708
17:01:54,970415,probe12,19586688,45596296,6774708
17:01:55,970415,probe12,19586688,45596296,6774708
17:01:56,970415,probe12,19586688,45596296,6774708
17:01:57,970415,probe12,19586688,45596296,6774708
17:01:58,970415,probe12,19586688,45596296,6774708
17:01:59,970415,probe12,19586688,45596296,6774708
17:02:00,970415,probe12,19586688,45596296,6774708
17:02:01,970415,probe12,19586692,45596296,6774704
17:02:02,970415,probe12,19586692,45596296,6774704
17:02:03,970415,probe12,19586692,45596296,6774704
17:02:04,970415,probe12,19586692,45596296,6774704
17:02:05,970415,probe12,19586696,45596296,6774700
17:02:06,970415,probe12,19586696,45596296,6774700
17:02:07,970415,probe12,19586696,45596296,6774700
17:02:08,970415,probe12,19586696,45596296,6774700
17:02:10,970415,probe12,19586700,45596296,6774696
17:02:11,970415,probe12,19586700,45596296,6774696
17:02:12,970415,probe12,19586700,45596296,6774696
17:02:13,970415,probe12,19586700,45596296,6774696
17:02:14,970415,probe12,19586704,45596296,6774692
17:02:15,970415,probe12,19586704,45596296,6774692
17:02:16,970415,probe12,19586704,45596296,6774692
17:02:17,970415,probe12,19586704,45596296,6774692
17:02:18,970415,probe12,19586712,45596296,6774684
17:02:19,970415,probe12,19586712,45596296,6774684
17:02:20,970415,probe12,19586712,45596296,6774684
17:02:21,970415,probe12,19586720,45596296,6774676
17:02:22,970415,probe12,19586724,45596296,6774672
17:02:23,970415,probe12,19586724,45596296,6774672
17:02:24,970415,probe12,19587040,45596296,6774356
17:02:25,970415,probe12,19587044,45596296,6774352
17:02:26,970415,probe12,19587048,45596296,6774348
17:02:27,970415,probe12,19587048,45596296,6774348
17:02:28,970415,probe12,19587048,45596296,6774348
17:02:29,970415,probe12,19587048,45596296,6774348
17:02:30,970415,probe12,19587048,45596296,6774348
17:02:31,970415,probe12,19587048,45596296,6774348
17:02:32,970415,probe12,19587048,45596296,6774348
17:02:33,970415,probe12,19587048,45596296,6774348
17:02:34,970415,probe12,19587048,45596296,6774348
17:02:35,970415,probe12,19587048,45596296,6774348
17:02:36,970415,probe12,19587048,45596296,6774348
17:02:37,970415,probe12,19587048,45596296,6774348
17:02:38,970415,probe12,19587048,45596296,6774348
17:02:39,970415,probe12,19587048,45596296,6774348
17:02:40,970415,probe12,19587048,45596296,6774348
17:02:41,970415,probe12,19587048,45596296,6774348
17:02:42,970415,probe12,19587520,45596296,6773876
17:02:43,970415,probe12,19587524,45596296,6773872
17:02:44,970415,probe12,19587524,45596296,6773872
17:02:45,970415,probe12,19587524,45596296,6773872
17:02:46,970415,probe12,19587524,45596296,6773872
17:02:47,970415,probe12,19587524,45596296,6773872
17:02:48,970415,probe12,19587572,45596296,6773824
17:02:49,970415,probe12,19587572,45596296,6773824
17:02:50,970415,probe12,19587576,45596296,6773820
17:02:51,970415,probe12,19587576,45596296,6773820
17:02:52,970415,probe12,19587580,45596296,6773816
17:02:53,970415,probe12,19587580,45596296,6773816
17:02:54,970415,probe12,19587584,45596296,6773812
17:02:55,970415,probe12,19587584,45596296,6773812
17:02:56,970415,probe12,19587584,45596296,6773812
17:02:57,970415,probe12,19587588,45596296,6773808
17:02:58,970415,probe12,19587588,45596296,6773808
17:02:59,970415,probe12,19587592,45596296,6773804
17:03:00,970415,probe12,19587592,45596296,6773804
17:03:01,970415,probe12,19587596,45596296,6773800
17:03:02,970415,probe12,19587600,45596296,6773796
17:03:03,970415,probe12,19587600,45596296,6773796
17:03:04,970415,probe12,19587604,45596296,6773792
17:03:05,970415,probe12,19587608,45596296,6773788
17:03:06,970415,probe12,19587612,45596296,6773784
17:03:07,970415,probe12,19587616,45596296,6773780
17:03:08,970415,probe12,19587616,45596296,6773780
17:03:09,970415,probe12,19587820,45596296,6773576
17:03:10,970415,probe12,19587820,45596296,6773576
17:03:11,970415,probe12,19587876,45596296,6773520
17:03:12,970415,probe12,19587880,45596296,6773516
17:03:13,970415,probe12,19587880,45596296,6773516
17:03:14,970415,probe12,19587908,45596296,6773488
17:03:15,970415,probe12,19587912,45596296,6773484
17:03:16,970415,probe12,19587912,45596296,6773484
17:03:18,970415,probe12,19587912,45596296,6773484
17:03:19,970415,probe12,19588000,45596296,6773396
17:03:20,970415,probe12,19588000,45596296,6773396
17:03:21,970415,probe12,19588000,45596296,6773396
17:03:22,970415,probe12,19588000,45596296,6773396
17:03:23,970415,probe12,19588004,45596296,6773392
17:03:24,970415,probe12,19588004,45596296,6773392
17:03:25,970415,probe12,19588004,45596296,6773392
17:03:26,970415,probe12,19588004,45596296,6773392
17:03:27,970415,probe12,19588008,45596296,6773388
17:03:28,970415,probe12,19588008,45596296,6773388
17:03:29,970415,probe12,19588008,45596296,6773388
17:03:30,970415,probe12,19588100,45596296,6773296
17:03:31,970415,probe12,19588100,45596296,6773296
17:03:32,970415,probe12,19588124,45596296,6773272
17:03:33,970415,probe12,19588124,45596296,6773272
17:03:34,970415,probe12,19588124,45596296,6773272
17:03:35,970415,probe12,19588124,45596296,6773272
17:03:36,970415,probe12,19588376,45596296,6773020
17:03:37,970415,probe12,19588376,45596296,6773020
17:03:38,970415,probe12,19588376,45596296,6773020
17:03:39,970415,probe12,19588376,45596296,6773020
17:03:40,970415,probe12,19588376,45596296,6773020
17:03:41,970415,probe12,19588376,45596296,6773020
17:03:42,970415,probe12,19588376,45596296,6773020
17:03:43,970415,probe12,19588376,45596296,6773020
17:03:44,970415,probe12,19588376,45596296,6773020
17:03:45,970415,probe12,19588376,45596296,6773020
17:03:46,970415,probe12,19588376,45596296,6773020
17:03:47,970415,probe12,19588376,45596296,6773020
17:03:48,970415,probe12,19588376,45596296,6773020
17:03:49,970415,probe12,19588376,45596296,6773020
17:03:50,970415,probe12,19588376,45596296,6773020
17:03:51,970415,probe12,19588380,45596296,6773016
17:03:52,970415,probe12,19588632,45596296,6772764
17:03:53,970415,probe12,19588632,45596296,6772764
17:03:54,970415,probe12,19588632,45596296,6772764
17:03:55,970415,probe12,19588636,45596296,6772760
17:03:56,970415,probe12,19588640,45596296,6772756
17:03:57,970415,probe12,19588640,45596296,6772756
17:03:58,970415,probe12,19588640,45596296,6772756
17:03:59,970415,probe12,19588656,45596296,6772740
17:04:00,970415,probe12,19588656,45596296,6772740
17:04:01,970415,probe12,19588660,45596296,6772736
17:04:02,970415,probe12,19588680,45596296,6772716
17:04:03,970415,probe12,19588680,45596296,6772716
17:04:04,970415,probe12,19588680,45596296,6772716
17:04:05,970415,probe12,19588680,45596296,6772716
17:04:06,970415,probe12,19588684,45596296,6772712
17:04:07,970415,probe12,19588684,45596296,6772712
17:04:08,970415,probe12,19588688,45596296,6772708
17:04:09,970415,probe12,19588688,45596296,6772708
17:04:10,970415,probe12,19588692,45596296,6772704
17:04:11,970415,probe12,19588692,45596296,6772704
17:04:12,970415,probe12,19588692,45596296,6772704
17:04:13,970415,probe12,19588696,45596296,6772700
17:04:14,970415,probe12,19588784,45596296,6772612
17:04:15,970415,probe12,19588784,45596296,6772612
17:04:16,970415,probe12,19588784,45596296,6772612
17:04:17,970415,probe12,19588792,45596296,6772604
17:04:18,970415,probe12,19588976,45596296,6772420
17:04:19,970415,probe12,19588976,45596296,6772420
17:04:20,970415,probe12,19588984,45596296,6772412
17:04:21,970415,probe12,19588984,45596296,6772412
17:04:22,970415,probe12,19588984,45596296,6772412
17:04:23,970415,probe12,19588988,45596296,6772408
17:04:24,970415,probe12,19589004,45596296,6772392
17:04:26,970415,probe12,19589004,45596296,6772392
17:04:27,970415,probe12,19589008,45596296,6772388
17:04:28,970415,probe12,19589008,45596296,6772388
17:04:29,970415,probe12,19589008,45596296,6772388
17:04:30,970415,probe12,19589048,45596296,6772348
17:04:31,970415,probe12,19589048,45596296,6772348
17:04:32,970415,probe12,19589048,45596296,6772348
17:04:33,970415,probe12,19589052,45596296,6772344
17:04:34,970415,probe12,19589052,45596296,6772344
17:04:35,970415,probe12,19589088,45596296,6772308
17:04:36,970415,probe12,19589088,45596296,6772308
17:04:37,970415,probe12,19589088,45596296,6772308
17:04:38,970415,probe12,19589088,45596296,6772308
17:04:39,970415,probe12,19589088,45596296,6772308
17:04:40,970415,probe12,19589088,45596296,6772308
17:04:41,970415,probe12,19589088,45596296,6772308
17:04:42,970415,probe12,19589088,45596296,6772308
17:04:43,970415,probe12,19589088,45596296,6772308
17:04:44,970415,probe12,19589088,45596296,6772308
17:04:45,970415,probe12,19589088,45596296,6772308
17:04:46,970415,probe12,19589088,45596296,6772308
17:04:47,970415,probe12,19589088,45596296,6772308
17:04:48,970415,probe12,19589088,45596296,6772308
17:04:49,970415,probe12,19589128,45596296,6772268
17:04:50,970415,probe12,19589128,45596296,6772268
17:04:51,970415,probe12,19589128,45596296,6772268
17:04:52,970415,probe12,19589128,45596296,6772268
17:04:53,970415,probe12,19589128,45596296,6772268
17:04:54,970415,probe12,19589128,45596296,6772268
17:04:55,970415,probe12,19589128,45596296,6772268
17:04:56,970415,probe12,19589128,45596296,6772268
17:04:57,970415,probe12,19589128,45596296,6772268
17:04:58,970415,probe12,19589128,45596296,6772268
17:04:59,970415,probe12,19589552,45596296,6771844
17:05:00,970415,probe12,19589592,45596296,6771804
17:05:01,970415,probe12,19589592,45596296,6771804
17:05:02,970415,probe12,19589592,45596296,6771804
17:05:03,970415,probe12,19589592,45596296,6771804
17:05:04,970415,probe12,19589596,45596296,6771800
17:05:05,970415,probe12,19589596,45596296,6771800
17:05:06,970415,probe12,19589596,45596296,6771800
17:05:07,970415,probe12,19589596,45596296,6771800
17:05:08,970415,probe12,19589600,45596296,6771796
17:05:09,970415,probe12,19589600,45596296,6771796
17:05:10,970415,probe12,19589600,45596296,6771796
17:05:11,970415,probe12,19589604,45596296,6771792
17:05:12,970415,probe12,19589608,45596296,6771788
17:05:13,970415,probe12,19589608,45596296,6771788
17:05:14,970415,probe12,19589612,45596296,6771784
17:05:15,970415,probe12,19589632,45596296,6771764
17:05:16,970415,probe12,19589632,45596296,6771764
17:05:17,970415,probe12,19589636,45596296,6771760
17:05:18,970415,probe12,19589636,45596296,6771760
17:05:19,970415,probe12,19589644,45596296,6771752
17:05:20,970415,probe12,19589644,45596296,6771752
17:05:21,970415,probe12,19589648,45596296,6771748
17:05:22,970415,probe12,19589652,45596296,6771744
17:05:23,970415,probe12,19589652,45596296,6771744
17:05:24,970415,probe12,19589652,45596296,6771744
17:05:25,970415,probe12,19589660,45596296,6771736
17:05:26,970415,probe12,19589660,45596296,6771736
17:05:27,970415,probe12,19590192,45596296,6771204
17:05:28,970415,probe12,19590196,45596296,6771200
17:05:29,970415,probe12,19590196,45596296,6771200
17:05:30,970415,probe12,19590236,45596296,6771160
17:05:31,970415,probe12,19590244,45596296,6771152
17:05:32,970415,probe12,19590244,45596296,6771152
17:05:34,970415,probe12,19590244,45596296,6771152
17:05:35,970415,probe12,19591104,45596296,6770292
17:05:36,970415,probe12,19591104,45596296,6770292
17:05:37,970415,probe12,19591152,45596296,6770244
17:05:38,970415,probe12,19591156,45596296,6770240
17:05:39,970415,probe12,19591156,45596296,6770240
17:05:40,970415,probe12,19591196,45596296,6770200
17:05:41,970415,probe12,19591196,45596296,6770200
17:05:42,970415,probe12,19591196,45596296,6770200
17:05:43,970415,probe12,19591200,45596296,6770196
17:05:44,970415,probe12,19591204,45596296,6770192
17:05:45,970415,probe12,19591208,45596296,6770188
17:05:46,970415,probe12,19591208,45596296,6770188
17:05:47,970415,probe12,19591208,45596296,6770188
17:05:48,970415,probe12,19591208,45596296,6770188
17:05:49,970415,probe12,19591212,45596296,6770184
17:05:50,970415,probe12,19591212,45596296,6770184
17:05:51,970415,probe12,19591212,45596296,6770184
17:05:52,970415,probe12,19591212,45596296,6770184
17:05:53,970415,probe12,19591212,45596296,6770184
17:05:54,970415,probe12,19591212,45596296,6770184
17:05:55,970415,probe12,19591216,45596296,6770180
17:05:56,970415,probe12,19591224,45596296,6770172
17:05:57,970415,probe12,19591224,45596296,6770172
17:05:58,970415,probe12,19591224,45596296,6770172
17:05:59,970415,probe12,19591228,45596296,6770168
17:06:00,970415,probe12,19591228,45596296,6770168
17:06:01,970415,probe12,19591228,45596296,6770168
17:06:02,970415,probe12,19591284,45596296,6770112
17:06:03,970415,probe12,19591340,45596296,6770056
17:06:04,970415,probe12,19591344,45596296,6770052
17:06:05,970415,probe12,19591784,45596296,6769612
17:06:06,970415,probe12,19591784,45596296,6769612
17:06:07,970415,probe12,19591784,45596296,6769612
17:06:08,970415,probe12,19591784,45596296,6769612
17:06:09,970415,probe12,19591932,45596296,6769464
17:06:10,970415,probe12,19591936,45596296,6769460
17:06:11,970415,probe12,19591940,45596296,6769456
17:06:12,970415,probe12,19591940,45596296,6769456
17:06:13,970415,probe12,19591976,45596296,6769420
17:06:14,970415,probe12,19591992,45596296,6769404
17:06:15,970415,probe12,19591992,45596296,6769404
17:06:16,970415,probe12,19591992,45596296,6769404
17:06:17,970415,probe12,19591992,45596296,6769404
17:06:18,970415,probe12,19591992,45596296,6769404
17:06:19,970415,probe12,19592400,45596296,6768996
17:06:20,970415,probe12,19592404,45596296,6768992
17:06:21,970415,probe12,19592404,45596296,6768992
17:06:22,970415,probe12,19592404,45596296,6768992
17:06:23,970415,probe12,19592404,45596296,6768992
17:06:24,970415,probe12,19592404,45596296,6768992
17:06:25,970415,probe12,19592416,45596296,6768980
17:06:26,970415,probe12,19592416,45596296,6768980
17:06:27,970415,probe12,19592416,45596296,6768980
17:06:28,970415,probe12,19592428,45596296,6768968
17:06:29,970415,probe12,19592428,45596296,6768968
17:06:30,970415,probe12,19592436,45596296,6768960
17:06:31,970415,probe12,19592436,45596296,6768960
17:06:32,970415,probe12,19592440,45596296,6768956
17:06:33,970415,probe12,19592444,45596296,6768952
17:06:34,970415,probe12,19592444,45596296,6768952
17:06:35,970415,probe12,19592444,45596296,6768952
17:06:36,970415,probe12,19592452,45596296,6768944
17:06:37,970415,probe12,19592456,45596296,6768940
17:06:38,970415,probe12,19592456,45596296,6768940
17:06:39,970415,probe12,19592456,45596296,6768940
17:06:40,970415,probe12,19592460,45596296,6768936
17:06:42,970415,probe12,19592460,45596296,6768936
17:06:43,970415,probe12,19592860,45596296,6768536
17:06:44,970415,probe12,19592864,45596296,6768532
17:06:45,970415,probe12,19592864,45596296,6768532
17:06:46,970415,probe12,19592888,45596296,6768508
17:06:47,970415,probe12,19592896,45596296,6768500
17:06:48,970415,probe12,19592900,45596296,6768496
17:06:49,970415,probe12,19592900,45596296,6768496
17:06:50,970415,probe12,19592900,45596296,6768496
17:06:51,970415,probe12,19592904,45596296,6768492
17:06:52,970415,probe12,19592904,45596296,6768492
17:06:53,970415,probe12,19592908,45596296,6768488
17:06:54,970415,probe12,19592912,45596296,6768484
17:06:55,970415,probe12,19592912,45596296,6768484
17:06:56,970415,probe12,19592912,45596296,6768484
17:06:57,970415,probe12,19592912,45596296,6768484
17:06:58,970415,probe12,19592912,45596296,6768484
17:06:59,970415,probe12,19592916,45596296,6768480
17:07:00,970415,probe12,19592916,45596296,6768480
17:07:01,970415,probe12,19592916,45596296,6768480
17:07:02,970415,probe12,19592916,45596296,6768480
17:07:03,970415,probe12,19592916,45596296,6768480
17:07:04,970415,probe12,19592924,45596296,6768472
17:07:05,970415,probe12,19592924,45596296,6768472
17:07:06,970415,probe12,19592924,45596296,6768472
17:07:07,970415,probe12,19592924,45596296,6768472
17:07:08,970415,probe12,19592924,45596296,6768472
17:07:09,970415,probe12,19592924,45596296,6768472
17:07:10,970415,probe12,19592924,45596296,6768472
17:07:11,970415,probe12,19593428,45596296,6767968
17:07:12,970415,probe12,19593428,45596296,6767968
17:07:13,970415,probe12,19593428,45596296,6767968
17:07:14,970415,probe12,19593428,45596296,6767968
17:07:15,970415,probe12,19593428,45596296,6767968
17:07:16,970415,probe12,19593428,45596296,6767968
17:07:17,970415,probe12,19593428,45596296,6767968
17:07:18,970415,probe12,19593428,45596296,6767968
17:07:19,970415,probe12,19593428,45596296,6767968
17:07:20,970415,probe12,19593428,45596296,6767968
17:07:21,970415,probe12,19593428,45596296,6767968
17:07:22,970415,probe12,19593428,45596296,6767968
17:07:23,970415,probe12,19593432,45596296,6767964
17:07:24,970415,probe12,19593432,45596296,6767964
17:07:25,970415,probe12,19593432,45596296,6767964
17:07:26,970415,probe12,19593432,45596296,6767964
17:07:27,970415,probe12,19593436,45596296,6767960
17:07:28,970415,probe12,19593436,45596296,6767960
17:07:29,970415,probe12,19593436,45596296,6767960
17:07:30,970415,probe12,19593436,45596296,6767960
17:07:31,970415,probe12,19593436,45596296,6767960
17:07:32,970415,probe12,19593436,45596296,6767960
17:07:33,970415,probe12,19593436,45596296,6767960
17:07:34,970415,probe12,19593440,45596296,6767956
17:07:35,970415,probe12,19593440,45596296,6767956
17:07:36,970415,probe12,19593444,45596296,6767952
17:07:37,970415,probe12,19593444,45596296,6767952
17:07:38,970415,probe12,19593444,45596296,6767952
17:07:39,970415,probe12,19593444,45596296,6767952
17:07:40,970415,probe12,19593444,45596296,6767952
17:07:41,970415,probe12,19593448,45596296,6767948
17:07:42,970415,probe12,19593448,45596296,6767948
17:07:43,970415,probe12,19593452,45596296,6767944
17:07:44,970415,probe12,19593496,45596296,6767900
17:07:45,970415,probe12,19593496,45596296,6767900
17:07:46,970415,probe12,19593500,45596296,6767896
17:07:47,970415,probe12,19593504,45596296,6767892
17:07:48,970415,probe12,19593508,45596296,6767888
17:07:50,970415,probe12,19593508,45596296,6767888
17:07:51,970415,probe12,19593508,45596296,6767888
17:07:52,970415,probe12,19593512,45596296,6767884
17:07:53,970415,probe12,19594156,45596296,6767240
17:07:54,970415,probe12,19594156,45596296,6767240
17:07:55,970415,probe12,19594156,45596296,6767240
17:07:56,970415,probe12,19594156,45596296,6767240
17:07:57,970415,probe12,19594160,45596296,6767236
17:07:58,970415,probe12,19594160,45596296,6767236
17:07:59,970415,probe12,19594160,45596296,6767236
17:08:00,970415,probe12,19594164,45596296,6767232
17:08:01,970415,probe12,19594188,45596296,6767232
17:08:02,970415,probe12,19594164,45596296,6767232
17:08:03,970415,probe12,19594164,45596296,6767232
17:08:04,970415,probe12,19594168,45596296,6767228
17:08:05,970415,probe12,19594168,45596296,6767228
17:08:06,970415,probe12,19594168,45596296,6767228
17:08:07,970415,probe12,19594168,45596296,6767228
17:08:08,970415,probe12,19594168,45596296,6767228
17:08:09,970415,probe12,19594168,45596296,6767228
17:08:10,970415,probe12,19594172,45596296,6767224
17:08:11,970415,probe12,19594172,45596296,6767224
17:08:12,970415,probe12,19594172,45596296,6767224
17:08:13,970415,probe12,19594172,45596296,6767224
17:08:14,970415,probe12,19594172,45596296,6767224
17:08:15,970415,probe12,19594172,45596296,6767224
17:08:16,970415,probe12,19594172,45596296,6767224
17:08:17,970415,probe12,19594172,45596296,6767224
17:08:18,970415,probe12,19595432,45596296,6765964
17:08:19,970415,probe12,19595432,45596296,6765964
17:08:20,970415,probe12,19595432,45596296,6765964
17:08:21,970415,probe12,19595432,45596296,6765964
17:08:22,970415,probe12,19595432,45596296,6765964
17:08:23,970415,probe12,19595432,45596296,6765964
17:08:24,970415,probe12,19595432,45596296,6765964
17:08:25,970415,probe12,19595432,45596296,6765964
17:08:26,970415,probe12,19595432,45596296,6765964
17:08:27,970415,probe12,19595432,45596296,6765964
17:08:28,970415,probe12,19595432,45596296,6765964
17:08:29,970415,probe12,19595432,45596296,6765964
17:08:30,970415,probe12,19595432,45596296,6765964
17:08:31,970415,probe12,19595432,45596296,6765964
17:08:32,970415,probe12,19595432,45596296,6765964
17:08:33,970415,probe12,19595432,45596296,6765964
17:08:34,970415,probe12,19595432,45596296,6765964
17:08:35,970415,probe12,19595432,45596296,6765964
17:08:36,970415,probe12,19595432,45596296,6765964
17:08:37,970415,probe12,19595432,45596296,6765964
17:08:38,970415,probe12,19595432,45596296,6765964
17:08:39,970415,probe12,19595432,45596296,6765964
17:08:40,970415,probe12,19595432,45596296,6765964
17:08:41,970415,probe12,19595432,45596296,6765964
17:08:42,970415,probe12,19595432,45596296,6765964
17:08:43,970415,probe12,19595436,45596296,6765960
17:08:44,970415,probe12,19595436,45596296,6765960
17:08:45,970415,probe12,19595436,45596296,6765960
17:08:46,970415,probe12,19595436,45596296,6765960
17:08:47,970415,probe12,19595436,45596296,6765960
17:08:48,970415,probe12,19595436,45596296,6765960
17:08:49,970415,probe12,19595436,45596296,6765960
17:08:50,970415,probe12,19595440,45596296,6765956
17:08:51,970415,probe12,19595440,45596296,6765956
17:08:52,970415,probe12,19595440,45596296,6765956
17:08:53,970415,probe12,19595440,45596296,6765956
17:08:54,970415,probe12,19595444,45596296,6765952
17:08:55,970415,probe12,19595444,45596296,6765952
17:08:56,970415,probe12,19595444,45596296,6765952
17:08:58,970415,probe12,19595448,45596296,6765948
17:08:59,970415,probe12,19595448,45596296,6765948
17:09:00,970415,probe12,19595452,45596296,6765944
17:09:01,970415,probe12,19595460,45596296,6765936
17:09:02,970415,probe12,19595464,45596296,6765932
17:09:03,970415,probe12,19595464,45596296,6765932
17:09:04,970415,probe12,19595664,45596296,6765732
17:09:05,970415,probe12,19595668,45596296,6765728
17:09:06,970415,probe12,19595668,45596296,6765728
17:09:07,970415,probe12,19595668,45596296,6765728
17:09:08,970415,probe12,19595672,45596296,6765724
17:09:09,970415,probe12,19595676,45596296,6765720
17:09:10,970415,probe12,19595676,45596296,6765720
17:09:11,970415,probe12,19595676,45596296,6765720
17:09:12,970415,probe12,19595676,45596296,6765720
17:09:13,970415,probe12,19595676,45596296,6765720
17:09:14,970415,probe12,19595676,45596296,6765720
17:09:15,970415,probe12,19595680,45596296,6765716
17:09:16,970415,probe12,19595684,45596296,6765712
17:09:17,970415,probe12,19595684,45596296,6765712
17:09:18,970415,probe12,19595684,45596296,6765712
17:09:19,970415,probe12,19595684,45596296,6765712
17:09:20,970415,probe12,19595684,45596296,6765712
17:09:21,970415,probe12,19595684,45596296,6765712
17:09:22,970415,probe12,19595688,45596296,6765708
17:09:23,970415,probe12,19595696,45596296,6765700
17:09:24,970415,probe12,19596228,45596296,6765168
17:09:25,970415,probe12,19596228,45596296,6765168
17:09:26,970415,probe12,19596228,45596296,6765168
17:09:27,970415,probe12,19596232,45596296,6765164
17:09:28,970415,probe12,19596232,45596296,6765164
17:09:29,970415,probe12,19596232,45596296,6765164
17:09:30,970415,probe12,19596232,45596296,6765164
17:09:31,970415,probe12,19596328,45596296,6765068
17:09:32,970415,probe12,19596328,45596296,6765068
17:09:33,970415,probe12,19596428,45596296,6764968
17:09:34,970415,probe12,19596532,45596296,6764864
17:09:35,970415,probe12,19596532,45596296,6764864
17:09:36,970415,probe12,19596532,45596296,6764864
17:09:37,970415,probe12,19596532,45596296,6764864
17:09:38,970415,probe12,19596532,45596296,6764864
17:09:39,970415,probe12,19596532,45596296,6764864
17:09:40,970415,probe12,19596532,45596296,6764864
17:09:41,970415,probe12,19596532,45596296,6764864
17:09:42,970415,probe12,19596532,45596296,6764864
17:09:43,970415,probe12,19596532,45596296,6764864
17:09:44,970415,probe12,19596532,45596296,6764864
17:09:45,970415,probe12,19596532,45596296,6764864
17:09:46,970415,probe12,19596532,45596296,6764864
17:09:47,970415,probe12,19596532,45596296,6764864
17:09:48,970415,probe12,19596532,45596296,6764864
17:09:49,970415,probe12,19596588,45596296,6764808
17:09:50,970415,probe12,19596588,45596296,6764808
17:09:51,970415,probe12,19596588,45596296,6764808
17:09:52,970415,probe12,19596588,45596296,6764808
17:09:53,970415,probe12,19596588,45596296,6764808
17:09:54,970415,probe12,19596688,45596296,6764708
17:09:55,970415,probe12,19596688,45596296,6764708
17:09:56,970415,probe12,19596688,45596296,6764708
17:09:57,970415,probe12,19596688,45596296,6764708
17:09:58,970415,probe12,19596688,45596296,6764708
17:09:59,970415,probe12,19596688,45596296,6764708
17:10:00,970415,probe12,19596688,45596296,6764708
17:10:01,970415,probe12,19596688,45596296,6764708
17:10:02,970415,probe12,19596688,45596296,6764708
17:10:03,970415,probe12,19596688,45596296,6764708
17:10:04,970415,probe12,19596688,45596296,6764708
17:10:06,970415,probe12,19596688,45596296,6764708
17:10:07,970415,probe12,19597192,45596296,6764204
17:10:08,970415,probe12,19597192,45596296,6764204
17:10:09,970415,probe12,19597192,45596296,6764204
17:10:10,970415,probe12,19597192,45596296,6764204
17:10:11,970415,probe12,19597192,45596296,6764204
17:10:12,970415,probe12,19597192,45596296,6764204
17:10:13,970415,probe12,19597192,45596296,6764204
17:10:14,970415,probe12,19597192,45596296,6764204
17:10:15,970415,probe12,19597192,45596296,6764204
17:10:16,970415,probe12,19597200,45596296,6764196
17:10:17,970415,probe12,19597200,45596296,6764196
17:10:18,970415,probe12,19597200,45596296,6764196
17:10:19,970415,probe12,19597204,45596296,6764192
17:10:20,970415,probe12,19597208,45596296,6764188
17:10:21,970415,probe12,19597208,45596296,6764188
17:10:22,970415,probe12,19597208,45596296,6764188
17:10:23,970415,probe12,19597208,45596296,6764188
17:10:24,970415,probe12,19597208,45596296,6764188
17:10:25,970415,probe12,19597208,45596296,6764188
17:10:26,970415,probe12,19597212,45596296,6764184
17:10:27,970415,probe12,19597216,45596296,6764180
17:10:28,970415,probe12,19597216,45596296,6764180
17:10:29,970415,probe12,19597216,45596296,6764180
17:10:30,970415,probe12,19597412,45596296,6763984
17:10:31,970415,probe12,19597412,45596296,6763984
17:10:32,970415,probe12,19597416,45596296,6763980
17:10:33,970415,probe12,19597420,45596296,6763976
17:10:34,970415,probe12,19597784,45596296,6763612
17:10:35,970415,probe12,19598004,45596296,6763392
17:10:36,970415,probe12,19598004,45596296,6763392
17:10:37,970415,probe12,19598004,45596296,6763392
17:10:38,970415,probe12,19598008,45596296,6763388
17:10:39,970415,probe12,19598008,45596296,6763388
17:10:40,970415,probe12,19598012,45596296,6763384
17:10:41,970415,probe12,19598016,45596296,6763380
17:10:42,970415,probe12,19598016,45596296,6763380
17:10:43,970415,probe12,19598016,45596296,6763380
17:10:44,970415,probe12,19598380,45596296,6763016
17:10:45,970415,probe12,19598388,45596296,6763008
17:10:46,970415,probe12,19598388,45596296,6763008
17:10:47,970415,probe12,19598388,45596296,6763008
17:10:48,970415,probe12,19598388,45596296,6763008
17:10:49,970415,probe12,19598388,45596296,6763008
17:10:50,970415,probe12,19598388,45596296,6763008
17:10:51,970415,probe12,19598388,45596296,6763008
17:10:52,970415,probe12,19598396,45596296,6763000
17:10:53,970415,probe12,19598900,45596296,6762496
17:10:54,970415,probe12,19598900,45596296,6762496
17:10:55,970415,probe12,19598900,45596296,6762496
17:10:56,970415,probe12,19598900,45596296,6762496
17:10:57,970415,probe12,19598904,45596296,6762492
17:10:58,970415,probe12,19598928,45596296,6762492
17:10:59,970415,probe12,19598908,45596296,6762488
17:11:00,970415,probe12,19598908,45596296,6762488
17:11:01,970415,probe12,19598908,45596296,6762488
17:11:02,970415,probe12,19598908,45596296,6762488
17:11:03,970415,probe12,19598908,45596296,6762488
17:11:04,970415,probe12,19598908,45596296,6762488
17:11:05,970415,probe12,19598908,45596296,6762488
17:11:06,970415,probe12,19598908,45596296,6762488
17:11:07,970415,probe12,19598908,45596296,6762488
17:11:08,970415,probe12,19598908,45596296,6762488
17:11:09,970415,probe12,19598908,45596296,6762488
17:11:10,970415,probe12,19598908,45596296,6762488
17:11:11,970415,probe12,19598908,45596296,6762488
17:11:12,970415,probe12,19598908,45596296,6762488
17:11:14,970415,probe12,19598908,45596296,6762488
17:11:15,970415,probe12,19598908,45596296,6762488
17:11:16,970415,probe12,19598908,45596296,6762488
17:11:17,970415,probe12,19598908,45596296,6762488
17:11:18,970415,probe12,19598908,45596296,6762488
17:11:19,970415,probe12,19598908,45596296,6762488
17:11:20,970415,probe12,19598908,45596296,6762488
17:11:21,970415,probe12,19598908,45596296,6762488
17:11:22,970415,probe12,19598908,45596296,6762488
17:11:23,970415,probe12,19598908,45596296,6762488
17:11:24,970415,probe12,19598908,45596296,6762488
17:11:25,970415,probe12,19598928,45596296,6762468
17:11:26,970415,probe12,19598928,45596296,6762468
17:11:27,970415,probe12,19598928,45596296,6762468
17:11:28,970415,probe12,19598928,45596296,6762468
17:11:29,970415,probe12,19598928,45596296,6762468
17:11:30,970415,probe12,19991576,45596296,6369820
