通道id,源机器id,源机型,源配方,物品,件每20tick,目标机器id,目标机型,目标配方,是否满速
C000,M000,3x3,粉碎-源矿,源石粉末,20,M137,6x4,研磨-致密源石,是
C001,M001,3x3,粉碎-源矿,源石粉末,20,M138,6x4,研磨-致密源石,是
C002,M002,3x3,粉碎-源矿,源石粉末,20,M139,6x4,研磨-致密源石,是
C003,M003,3x3,粉碎-源矿,源石粉末,20,M140,6x4,研磨-致密源石,是
C004,M004,3x3,粉碎-源矿,源石粉末,20,M141,6x4,研磨-致密源石,是
C005,M005,3x3,粉碎-源矿,源石粉末,20,M142,6x4,研磨-致密源石,是
C006,M006,3x3,粉碎-源矿,源石粉末,20,M143,6x4,研磨-致密源石,是
C007,M007,3x3,粉碎-源矿,源石粉末,20,M144,6x4,研磨-致密源石,是
C008,M008,3x3,粉碎-源矿,源石粉末,20,M145,6x4,研磨-致密源石,是
C009,M009,3x3,粉碎-源矿,源石粉末,20,M145,6x4,研磨-致密源石,是
C010,M010,3x3,粉碎-源矿,源石粉末,20,M144,6x4,研磨-致密源石,是
C011,M011,3x3,粉碎-源矿,源石粉末,20,M143,6x4,研磨-致密源石,是
C012,M012,3x3,粉碎-源矿,源石粉末,20,M142,6x4,研磨-致密源石,是
C013,M013,3x3,粉碎-源矿,源石粉末,20,M141,6x4,研磨-致密源石,是
C014,M014,3x3,粉碎-源矿,源石粉末,20,M140,6x4,研磨-致密源石,是
C015,M015,3x3,粉碎-源矿,源石粉末,20,M139,6x4,研磨-致密源石,是
C016,M016,3x3,粉碎-源矿,源石粉末,20,M138,6x4,研磨-致密源石,是
C017,M017,3x3,粉碎-源矿,源石粉末,20,M137,6x4,研磨-致密源石,是
C018,仓库出矿口,,,源矿,20,M000,3x3,粉碎-源矿,是
C019,仓库出矿口,,,源矿,20,M001,3x3,粉碎-源矿,是
C020,仓库出矿口,,,源矿,20,M002,3x3,粉碎-源矿,是
C021,仓库出矿口,,,源矿,20,M003,3x3,粉碎-源矿,是
C022,仓库出矿口,,,源矿,20,M004,3x3,粉碎-源矿,是
C023,仓库出矿口,,,源矿,20,M005,3x3,粉碎-源矿,是
C024,仓库出矿口,,,源矿,20,M006,3x3,粉碎-源矿,是
C025,仓库出矿口,,,源矿,20,M007,3x3,粉碎-源矿,是
C026,仓库出矿口,,,源矿,20,M008,3x3,粉碎-源矿,是
C027,仓库出矿口,,,源矿,20,M009,3x3,粉碎-源矿,是
C028,仓库出矿口,,,源矿,20,M010,3x3,粉碎-源矿,是
C029,仓库出矿口,,,源矿,20,M011,3x3,粉碎-源矿,是
C030,仓库出矿口,,,源矿,20,M012,3x3,粉碎-源矿,是
C031,仓库出矿口,,,源矿,20,M013,3x3,粉碎-源矿,是
C032,仓库出矿口,,,源矿,20,M014,3x3,粉碎-源矿,是
C033,仓库出矿口,,,源矿,20,M015,3x3,粉碎-源矿,是
C034,仓库出矿口,,,源矿,20,M016,3x3,粉碎-源矿,是
C035,仓库出矿口,,,源矿,20,M017,3x3,粉碎-源矿,是
C036,M175,5x5,种植-砂叶,砂叶,20,M058,3x3,粉碎-砂叶,是
C037,M176,5x5,种植-砂叶,砂叶,20,M059,3x3,粉碎-砂叶,是
C038,M177,5x5,种植-砂叶,砂叶,20,M060,3x3,粉碎-砂叶,是
C039,M178,5x5,种植-砂叶,砂叶,20,M061,3x3,粉碎-砂叶,是
C040,M179,5x5,种植-砂叶,砂叶,20,M062,3x3,粉碎-砂叶,是
C041,M180,5x5,种植-砂叶,砂叶,20,M063,3x3,粉碎-砂叶,是
C042,M181,5x5,种植-砂叶,砂叶,20,M064,3x3,粉碎-砂叶,是
C043,M182,5x5,种植-砂叶,砂叶,20,M065,3x3,粉碎-砂叶,是
C044,M183,5x5,种植-砂叶,砂叶,20,M066,3x3,粉碎-砂叶,是
C045,M184,5x5,种植-砂叶,砂叶,20,M067,3x3,粉碎-砂叶,是
C046,M185,5x5,种植-砂叶,砂叶,20,M202,5x5,采种-砂叶,是
C047,M186,5x5,种植-砂叶,砂叶,20,M203,5x5,采种-砂叶,是
C048,M187,5x5,种植-砂叶,砂叶,20,M204,5x5,采种-砂叶,是
C049,M188,5x5,种植-砂叶,砂叶,20,M205,5x5,采种-砂叶,是
C050,M189,5x5,种植-砂叶,砂叶,20,M206,5x5,采种-砂叶,是
C051,M190,5x5,种植-砂叶,砂叶,20,M207,5x5,采种-砂叶,是
C052,M191,5x5,种植-砂叶,砂叶,20,M208,5x5,采种-砂叶,是
C053,M192,5x5,种植-砂叶,砂叶,20,M209,5x5,采种-砂叶,是
C054,M193,5x5,种植-砂叶,砂叶,20,M210,5x5,采种-砂叶,是
C055,M194,5x5,种植-砂叶,砂叶,20,M211,5x5,采种-砂叶,是
C056,M195,5x5,种植-砂叶,砂叶,10,M068,3x3,粉碎-砂叶,否
C057,M195,5x5,种植-砂叶,砂叶,10,M212,5x5,采种-砂叶,否
C058,M202,5x5,采种-砂叶,砂叶种子,20,M175,5x5,种植-砂叶,是
C059,M202,5x5,采种-砂叶,砂叶种子,20,M176,5x5,种植-砂叶,是
C060,M203,5x5,采种-砂叶,砂叶种子,20,M177,5x5,种植-砂叶,是
C061,M203,5x5,采种-砂叶,砂叶种子,20,M178,5x5,种植-砂叶,是
C062,M204,5x5,采种-砂叶,砂叶种子,20,M179,5x5,种植-砂叶,是
C063,M204,5x5,采种-砂叶,砂叶种子,20,M180,5x5,种植-砂叶,是
C064,M205,5x5,采种-砂叶,砂叶种子,20,M181,5x5,种植-砂叶,是
C065,M205,5x5,采种-砂叶,砂叶种子,20,M182,5x5,种植-砂叶,是
C066,M206,5x5,采种-砂叶,砂叶种子,20,M183,5x5,种植-砂叶,是
C067,M206,5x5,采种-砂叶,砂叶种子,20,M184,5x5,种植-砂叶,是
C068,M207,5x5,采种-砂叶,砂叶种子,20,M185,5x5,种植-砂叶,是
C069,M207,5x5,采种-砂叶,砂叶种子,20,M186,5x5,种植-砂叶,是
C070,M208,5x5,采种-砂叶,砂叶种子,20,M187,5x5,种植-砂叶,是
C071,M208,5x5,采种-砂叶,砂叶种子,20,M188,5x5,种植-砂叶,是
C072,M209,5x5,采种-砂叶,砂叶种子,20,M189,5x5,种植-砂叶,是
C073,M209,5x5,采种-砂叶,砂叶种子,20,M190,5x5,种植-砂叶,是
C074,M210,5x5,采种-砂叶,砂叶种子,20,M191,5x5,种植-砂叶,是
C075,M210,5x5,采种-砂叶,砂叶种子,20,M192,5x5,种植-砂叶,是
C076,M211,5x5,采种-砂叶,砂叶种子,20,M193,5x5,种植-砂叶,是
C077,M211,5x5,采种-砂叶,砂叶种子,20,M194,5x5,种植-砂叶,是
C078,M212,5x5,采种-砂叶,砂叶种子,20,M195,5x5,种植-砂叶,是
C079,M058,3x3,粉碎-砂叶,砂叶粉末,20,M120,6x4,研磨-致密蓝铁,是
C080,M058,3x3,粉碎-砂叶,砂叶粉末,20,M121,6x4,研磨-致密蓝铁,是
C081,M058,3x3,粉碎-砂叶,砂叶粉末,20,M122,6x4,研磨-致密蓝铁,是
C082,M059,3x3,粉碎-砂叶,砂叶粉末,20,M123,6x4,研磨-致密蓝铁,是
C083,M059,3x3,粉碎-砂叶,砂叶粉末,20,M124,6x4,研磨-致密蓝铁,是
C084,M059,3x3,粉碎-砂叶,砂叶粉末,20,M125,6x4,研磨-致密蓝铁,是
C085,M060,3x3,粉碎-砂叶,砂叶粉末,20,M126,6x4,研磨-致密蓝铁,是
C086,M060,3x3,粉碎-砂叶,砂叶粉末,20,M127,6x4,研磨-致密蓝铁,是
C087,M060,3x3,粉碎-砂叶,砂叶粉末,20,M128,6x4,研磨-致密蓝铁,是
C088,M061,3x3,粉碎-砂叶,砂叶粉末,20,M129,6x4,研磨-致密蓝铁,是
C089,M061,3x3,粉碎-砂叶,砂叶粉末,20,M130,6x4,研磨-致密蓝铁,是
C090,M061,3x3,粉碎-砂叶,砂叶粉末,20,M131,6x4,研磨-致密蓝铁,是
C091,M062,3x3,粉碎-砂叶,砂叶粉末,20,M132,6x4,研磨-致密蓝铁,是
C092,M062,3x3,粉碎-砂叶,砂叶粉末,20,M133,6x4,研磨-致密蓝铁,是
C093,M062,3x3,粉碎-砂叶,砂叶粉末,20,M134,6x4,研磨-致密蓝铁,是
C094,M063,3x3,粉碎-砂叶,砂叶粉末,20,M135,6x4,研磨-致密蓝铁,是
C095,M063,3x3,粉碎-砂叶,砂叶粉末,20,M136,6x4,研磨-致密蓝铁,是
C096,M063,3x3,粉碎-砂叶,砂叶粉末,20,M137,6x4,研磨-致密源石,是
C097,M064,3x3,粉碎-砂叶,砂叶粉末,20,M138,6x4,研磨-致密源石,是
C098,M064,3x3,粉碎-砂叶,砂叶粉末,20,M139,6x4,研磨-致密源石,是
C099,M064,3x3,粉碎-砂叶,砂叶粉末,20,M140,6x4,研磨-致密源石,是
C100,M065,3x3,粉碎-砂叶,砂叶粉末,20,M141,6x4,研磨-致密源石,是
C101,M065,3x3,粉碎-砂叶,砂叶粉末,20,M142,6x4,研磨-致密源石,是
C102,M065,3x3,粉碎-砂叶,砂叶粉末,20,M143,6x4,研磨-致密源石,是
C103,M066,3x3,粉碎-砂叶,砂叶粉末,20,M144,6x4,研磨-致密源石,是
C104,M066,3x3,粉碎-砂叶,砂叶粉末,20,M145,6x4,研磨-致密源石,是
C105,M066,3x3,粉碎-砂叶,砂叶粉末,20,M146,6x4,研磨-细磨荞花,是
C106,M067,3x3,粉碎-砂叶,砂叶粉末,20,M147,6x4,研磨-细磨荞花,是
C107,M067,3x3,粉碎-砂叶,砂叶粉末,20,M148,6x4,研磨-细磨荞花,是
C108,M067,3x3,粉碎-砂叶,砂叶粉末,20,M149,6x4,研磨-细磨荞花,是
C109,M068,3x3,粉碎-砂叶,砂叶粉末,10,M150,6x4,研磨-细磨荞花,否
C110,M068,3x3,粉碎-砂叶,砂叶粉末,10,M150,6x4,研磨-细磨荞花,否
C111,M068,3x3,粉碎-砂叶,砂叶粉末,10,M151,6x4,研磨-细磨荞花,否
C112,M216,6x4,灌装-胶囊,精选荞愈胶囊,4,协议核心,,,否
C113,M217,6x4,灌装-胶囊,精选荞愈胶囊,4,协议核心,,,否
C114,M218,6x4,灌装-胶囊,精选荞愈胶囊,3,协议核心,,,否
C115,M146,6x4,研磨-细磨荞花,细磨荞花粉末,20,M216,6x4,灌装-胶囊,是
C116,M147,6x4,研磨-细磨荞花,细磨荞花粉末,20,M217,6x4,灌装-胶囊,是
C117,M148,6x4,研磨-细磨荞花,细磨荞花粉末,20,M218,6x4,灌装-胶囊,是
C118,M149,6x4,研磨-细磨荞花,细磨荞花粉末,20,M217,6x4,灌装-胶囊,是
C119,M150,6x4,研磨-细磨荞花,细磨荞花粉末,20,M216,6x4,灌装-胶囊,是
C120,M151,6x4,研磨-细磨荞花,细磨荞花粉末,10,M218,6x4,灌装-胶囊,否
C121,M137,6x4,研磨-致密源石,致密源石粉末,20,M213,6x4,封装-电池,是
C122,M138,6x4,研磨-致密源石,致密源石粉末,20,M214,6x4,封装-电池,是
C123,M139,6x4,研磨-致密源石,致密源石粉末,20,M215,6x4,封装-电池,是
C124,M140,6x4,研磨-致密源石,致密源石粉末,20,M215,6x4,封装-电池,是
C125,M141,6x4,研磨-致密源石,致密源石粉末,20,M214,6x4,封装-电池,是
C126,M142,6x4,研磨-致密源石,致密源石粉末,20,M213,6x4,封装-电池,是
C127,M143,6x4,研磨-致密源石,致密源石粉末,20,M213,6x4,封装-电池,是
C128,M144,6x4,研磨-致密源石,致密源石粉末,20,M214,6x4,封装-电池,是
C129,M145,6x4,研磨-致密源石,致密源石粉末,20,M215,6x4,封装-电池,是
C130,M120,6x4,研磨-致密蓝铁,致密蓝铁粉末,20,M103,3x3,精炼-致密蓝铁,是
C131,M121,6x4,研磨-致密蓝铁,致密蓝铁粉末,20,M104,3x3,精炼-致密蓝铁,是
C132,M122,6x4,研磨-致密蓝铁,致密蓝铁粉末,20,M105,3x3,精炼-致密蓝铁,是
C133,M123,6x4,研磨-致密蓝铁,致密蓝铁粉末,20,M106,3x3,精炼-致密蓝铁,是
C134,M124,6x4,研磨-致密蓝铁,致密蓝铁粉末,20,M107,3x3,精炼-致密蓝铁,是
C135,M125,6x4,研磨-致密蓝铁,致密蓝铁粉末,20,M108,3x3,精炼-致密蓝铁,是
C136,M126,6x4,研磨-致密蓝铁,致密蓝铁粉末,20,M109,3x3,精炼-致密蓝铁,是
C137,M127,6x4,研磨-致密蓝铁,致密蓝铁粉末,20,M110,3x3,精炼-致密蓝铁,是
C138,M128,6x4,研磨-致密蓝铁,致密蓝铁粉末,20,M111,3x3,精炼-致密蓝铁,是
C139,M129,6x4,研磨-致密蓝铁,致密蓝铁粉末,20,M112,3x3,精炼-致密蓝铁,是
C140,M130,6x4,研磨-致密蓝铁,致密蓝铁粉末,20,M113,3x3,精炼-致密蓝铁,是
C141,M131,6x4,研磨-致密蓝铁,致密蓝铁粉末,20,M114,3x3,精炼-致密蓝铁,是
C142,M132,6x4,研磨-致密蓝铁,致密蓝铁粉末,20,M115,3x3,精炼-致密蓝铁,是
C143,M133,6x4,研磨-致密蓝铁,致密蓝铁粉末,20,M116,3x3,精炼-致密蓝铁,是
C144,M134,6x4,研磨-致密蓝铁,致密蓝铁粉末,20,M117,3x3,精炼-致密蓝铁,是
C145,M135,6x4,研磨-致密蓝铁,致密蓝铁粉末,20,M118,3x3,精炼-致密蓝铁,是
C146,M136,6x4,研磨-致密蓝铁,致密蓝铁粉末,20,M119,3x3,精炼-致密蓝铁,是
C147,M164,5x5,种植-荞花,荞花,20,M052,3x3,粉碎-荞花,是
C148,M165,5x5,种植-荞花,荞花,20,M053,3x3,粉碎-荞花,是
C149,M166,5x5,种植-荞花,荞花,20,M054,3x3,粉碎-荞花,是
C150,M167,5x5,种植-荞花,荞花,20,M055,3x3,粉碎-荞花,是
C151,M168,5x5,种植-荞花,荞花,20,M056,3x3,粉碎-荞花,是
C152,M169,5x5,种植-荞花,荞花,20,M196,5x5,采种-荞花,是
C153,M170,5x5,种植-荞花,荞花,20,M197,5x5,采种-荞花,是
C154,M171,5x5,种植-荞花,荞花,20,M198,5x5,采种-荞花,是
C155,M172,5x5,种植-荞花,荞花,20,M199,5x5,采种-荞花,是
C156,M173,5x5,种植-荞花,荞花,20,M200,5x5,采种-荞花,是
C157,M174,5x5,种植-荞花,荞花,10,M057,3x3,粉碎-荞花,否
C158,M174,5x5,种植-荞花,荞花,10,M201,5x5,采种-荞花,否
C159,M196,5x5,采种-荞花,荞花种子,20,M164,5x5,种植-荞花,是
C160,M196,5x5,采种-荞花,荞花种子,20,M165,5x5,种植-荞花,是
C161,M197,5x5,采种-荞花,荞花种子,20,M166,5x5,种植-荞花,是
C162,M197,5x5,采种-荞花,荞花种子,20,M167,5x5,种植-荞花,是
C163,M198,5x5,采种-荞花,荞花种子,20,M168,5x5,种植-荞花,是
C164,M198,5x5,采种-荞花,荞花种子,20,M169,5x5,种植-荞花,是
C165,M199,5x5,采种-荞花,荞花种子,20,M170,5x5,种植-荞花,是
C166,M199,5x5,采种-荞花,荞花种子,20,M171,5x5,种植-荞花,是
C167,M200,5x5,采种-荞花,荞花种子,20,M172,5x5,种植-荞花,是
C168,M200,5x5,采种-荞花,荞花种子,20,M173,5x5,种植-荞花,是
C169,M201,5x5,采种-荞花,荞花种子,20,M174,5x5,种植-荞花,是
C170,M052,3x3,粉碎-荞花,荞花粉末,20,M146,6x4,研磨-细磨荞花,是
C171,M052,3x3,粉碎-荞花,荞花粉末,20,M147,6x4,研磨-细磨荞花,是
C172,M053,3x3,粉碎-荞花,荞花粉末,20,M148,6x4,研磨-细磨荞花,是
C173,M053,3x3,粉碎-荞花,荞花粉末,20,M149,6x4,研磨-细磨荞花,是
C174,M054,3x3,粉碎-荞花,荞花粉末,20,M150,6x4,研磨-细磨荞花,是
C175,M054,3x3,粉碎-荞花,荞花粉末,20,M150,6x4,研磨-细磨荞花,是
C176,M055,3x3,粉碎-荞花,荞花粉末,20,M149,6x4,研磨-细磨荞花,是
C177,M055,3x3,粉碎-荞花,荞花粉末,20,M148,6x4,研磨-细磨荞花,是
C178,M056,3x3,粉碎-荞花,荞花粉末,20,M147,6x4,研磨-细磨荞花,是
C179,M056,3x3,粉碎-荞花,荞花粉末,20,M146,6x4,研磨-细磨荞花,是
C180,M057,3x3,粉碎-荞花,荞花粉末,20,M151,6x4,研磨-细磨荞花,是
C181,M069,3x3,精炼-蓝铁矿,蓝铁块,20,M018,3x3,粉碎-蓝铁块,是
C182,M070,3x3,精炼-蓝铁矿,蓝铁块,20,M019,3x3,粉碎-蓝铁块,是
C183,M071,3x3,精炼-蓝铁矿,蓝铁块,20,M020,3x3,粉碎-蓝铁块,是
C184,M072,3x3,精炼-蓝铁矿,蓝铁块,20,M021,3x3,粉碎-蓝铁块,是
C185,M073,3x3,精炼-蓝铁矿,蓝铁块,20,M022,3x3,粉碎-蓝铁块,是
C186,M074,3x3,精炼-蓝铁矿,蓝铁块,20,M023,3x3,粉碎-蓝铁块,是
C187,M075,3x3,精炼-蓝铁矿,蓝铁块,20,M024,3x3,粉碎-蓝铁块,是
C188,M076,3x3,精炼-蓝铁矿,蓝铁块,20,M025,3x3,粉碎-蓝铁块,是
C189,M077,3x3,精炼-蓝铁矿,蓝铁块,20,M026,3x3,粉碎-蓝铁块,是
C190,M078,3x3,精炼-蓝铁矿,蓝铁块,20,M027,3x3,粉碎-蓝铁块,是
C191,M079,3x3,精炼-蓝铁矿,蓝铁块,20,M028,3x3,粉碎-蓝铁块,是
C192,M080,3x3,精炼-蓝铁矿,蓝铁块,20,M029,3x3,粉碎-蓝铁块,是
C193,M081,3x3,精炼-蓝铁矿,蓝铁块,20,M030,3x3,粉碎-蓝铁块,是
C194,M082,3x3,精炼-蓝铁矿,蓝铁块,20,M031,3x3,粉碎-蓝铁块,是
C195,M083,3x3,精炼-蓝铁矿,蓝铁块,20,M032,3x3,粉碎-蓝铁块,是
C196,M084,3x3,精炼-蓝铁矿,蓝铁块,20,M033,3x3,粉碎-蓝铁块,是
C197,M085,3x3,精炼-蓝铁矿,蓝铁块,20,M034,3x3,粉碎-蓝铁块,是
C198,M086,3x3,精炼-蓝铁矿,蓝铁块,20,M035,3x3,粉碎-蓝铁块,是
C199,M087,3x3,精炼-蓝铁矿,蓝铁块,20,M036,3x3,粉碎-蓝铁块,是
C200,M088,3x3,精炼-蓝铁矿,蓝铁块,20,M037,3x3,粉碎-蓝铁块,是
C201,M089,3x3,精炼-蓝铁矿,蓝铁块,20,M038,3x3,粉碎-蓝铁块,是
C202,M090,3x3,精炼-蓝铁矿,蓝铁块,20,M039,3x3,粉碎-蓝铁块,是
C203,M091,3x3,精炼-蓝铁矿,蓝铁块,20,M040,3x3,粉碎-蓝铁块,是
C204,M092,3x3,精炼-蓝铁矿,蓝铁块,20,M041,3x3,粉碎-蓝铁块,是
C205,M093,3x3,精炼-蓝铁矿,蓝铁块,20,M042,3x3,粉碎-蓝铁块,是
C206,M094,3x3,精炼-蓝铁矿,蓝铁块,20,M043,3x3,粉碎-蓝铁块,是
C207,M095,3x3,精炼-蓝铁矿,蓝铁块,20,M044,3x3,粉碎-蓝铁块,是
C208,M096,3x3,精炼-蓝铁矿,蓝铁块,20,M045,3x3,粉碎-蓝铁块,是
C209,M097,3x3,精炼-蓝铁矿,蓝铁块,20,M046,3x3,粉碎-蓝铁块,是
C210,M098,3x3,精炼-蓝铁矿,蓝铁块,20,M047,3x3,粉碎-蓝铁块,是
C211,M099,3x3,精炼-蓝铁矿,蓝铁块,20,M048,3x3,粉碎-蓝铁块,是
C212,M100,3x3,精炼-蓝铁矿,蓝铁块,20,M049,3x3,粉碎-蓝铁块,是
C213,M101,3x3,精炼-蓝铁矿,蓝铁块,20,M050,3x3,粉碎-蓝铁块,是
C214,M102,3x3,精炼-蓝铁矿,蓝铁块,20,M051,3x3,粉碎-蓝铁块,是
C215,仓库出矿口,,,蓝铁矿,20,M069,3x3,精炼-蓝铁矿,是
C216,仓库出矿口,,,蓝铁矿,20,M070,3x3,精炼-蓝铁矿,是
C217,仓库出矿口,,,蓝铁矿,20,M071,3x3,精炼-蓝铁矿,是
C218,仓库出矿口,,,蓝铁矿,20,M072,3x3,精炼-蓝铁矿,是
C219,仓库出矿口,,,蓝铁矿,20,M073,3x3,精炼-蓝铁矿,是
C220,仓库出矿口,,,蓝铁矿,20,M074,3x3,精炼-蓝铁矿,是
C221,仓库出矿口,,,蓝铁矿,20,M075,3x3,精炼-蓝铁矿,是
C222,仓库出矿口,,,蓝铁矿,20,M076,3x3,精炼-蓝铁矿,是
C223,仓库出矿口,,,蓝铁矿,20,M077,3x3,精炼-蓝铁矿,是
C224,仓库出矿口,,,蓝铁矿,20,M078,3x3,精炼-蓝铁矿,是
C225,仓库出矿口,,,蓝铁矿,20,M079,3x3,精炼-蓝铁矿,是
C226,仓库出矿口,,,蓝铁矿,20,M080,3x3,精炼-蓝铁矿,是
C227,仓库出矿口,,,蓝铁矿,20,M081,3x3,精炼-蓝铁矿,是
C228,仓库出矿口,,,蓝铁矿,20,M082,3x3,精炼-蓝铁矿,是
C229,仓库出矿口,,,蓝铁矿,20,M083,3x3,精炼-蓝铁矿,是
C230,仓库出矿口,,,蓝铁矿,20,M084,3x3,精炼-蓝铁矿,是
C231,仓库出矿口,,,蓝铁矿,20,M085,3x3,精炼-蓝铁矿,是
C232,仓库出矿口,,,蓝铁矿,20,M086,3x3,精炼-蓝铁矿,是
C233,仓库出矿口,,,蓝铁矿,20,M087,3x3,精炼-蓝铁矿,是
C234,仓库出矿口,,,蓝铁矿,20,M088,3x3,精炼-蓝铁矿,是
C235,仓库出矿口,,,蓝铁矿,20,M089,3x3,精炼-蓝铁矿,是
C236,仓库出矿口,,,蓝铁矿,20,M090,3x3,精炼-蓝铁矿,是
C237,仓库出矿口,,,蓝铁矿,20,M091,3x3,精炼-蓝铁矿,是
C238,仓库出矿口,,,蓝铁矿,20,M092,3x3,精炼-蓝铁矿,是
C239,仓库出矿口,,,蓝铁矿,20,M093,3x3,精炼-蓝铁矿,是
C240,仓库出矿口,,,蓝铁矿,20,M094,3x3,精炼-蓝铁矿,是
C241,仓库出矿口,,,蓝铁矿,20,M095,3x3,精炼-蓝铁矿,是
C242,仓库出矿口,,,蓝铁矿,20,M096,3x3,精炼-蓝铁矿,是
C243,仓库出矿口,,,蓝铁矿,20,M097,3x3,精炼-蓝铁矿,是
C244,仓库出矿口,,,蓝铁矿,20,M098,3x3,精炼-蓝铁矿,是
C245,仓库出矿口,,,蓝铁矿,20,M099,3x3,精炼-蓝铁矿,是
C246,仓库出矿口,,,蓝铁矿,20,M100,3x3,精炼-蓝铁矿,是
C247,仓库出矿口,,,蓝铁矿,20,M101,3x3,精炼-蓝铁矿,是
C248,仓库出矿口,,,蓝铁矿,20,M102,3x3,精炼-蓝铁矿,是
C249,M018,3x3,粉碎-蓝铁块,蓝铁粉末,20,M120,6x4,研磨-致密蓝铁,是
C250,M019,3x3,粉碎-蓝铁块,蓝铁粉末,20,M121,6x4,研磨-致密蓝铁,是
C251,M020,3x3,粉碎-蓝铁块,蓝铁粉末,20,M122,6x4,研磨-致密蓝铁,是
C252,M021,3x3,粉碎-蓝铁块,蓝铁粉末,20,M123,6x4,研磨-致密蓝铁,是
C253,M022,3x3,粉碎-蓝铁块,蓝铁粉末,20,M124,6x4,研磨-致密蓝铁,是
C254,M023,3x3,粉碎-蓝铁块,蓝铁粉末,20,M125,6x4,研磨-致密蓝铁,是
C255,M024,3x3,粉碎-蓝铁块,蓝铁粉末,20,M126,6x4,研磨-致密蓝铁,是
C256,M025,3x3,粉碎-蓝铁块,蓝铁粉末,20,M127,6x4,研磨-致密蓝铁,是
C257,M026,3x3,粉碎-蓝铁块,蓝铁粉末,20,M128,6x4,研磨-致密蓝铁,是
C258,M027,3x3,粉碎-蓝铁块,蓝铁粉末,20,M129,6x4,研磨-致密蓝铁,是
C259,M028,3x3,粉碎-蓝铁块,蓝铁粉末,20,M130,6x4,研磨-致密蓝铁,是
C260,M029,3x3,粉碎-蓝铁块,蓝铁粉末,20,M131,6x4,研磨-致密蓝铁,是
C261,M030,3x3,粉碎-蓝铁块,蓝铁粉末,20,M132,6x4,研磨-致密蓝铁,是
C262,M031,3x3,粉碎-蓝铁块,蓝铁粉末,20,M133,6x4,研磨-致密蓝铁,是
C263,M032,3x3,粉碎-蓝铁块,蓝铁粉末,20,M134,6x4,研磨-致密蓝铁,是
C264,M033,3x3,粉碎-蓝铁块,蓝铁粉末,20,M135,6x4,研磨-致密蓝铁,是
C265,M034,3x3,粉碎-蓝铁块,蓝铁粉末,20,M136,6x4,研磨-致密蓝铁,是
C266,M035,3x3,粉碎-蓝铁块,蓝铁粉末,20,M136,6x4,研磨-致密蓝铁,是
C267,M036,3x3,粉碎-蓝铁块,蓝铁粉末,20,M135,6x4,研磨-致密蓝铁,是
C268,M037,3x3,粉碎-蓝铁块,蓝铁粉末,20,M134,6x4,研磨-致密蓝铁,是
C269,M038,3x3,粉碎-蓝铁块,蓝铁粉末,20,M133,6x4,研磨-致密蓝铁,是
C270,M039,3x3,粉碎-蓝铁块,蓝铁粉末,20,M132,6x4,研磨-致密蓝铁,是
C271,M040,3x3,粉碎-蓝铁块,蓝铁粉末,20,M131,6x4,研磨-致密蓝铁,是
C272,M041,3x3,粉碎-蓝铁块,蓝铁粉末,20,M130,6x4,研磨-致密蓝铁,是
C273,M042,3x3,粉碎-蓝铁块,蓝铁粉末,20,M129,6x4,研磨-致密蓝铁,是
C274,M043,3x3,粉碎-蓝铁块,蓝铁粉末,20,M128,6x4,研磨-致密蓝铁,是
C275,M044,3x3,粉碎-蓝铁块,蓝铁粉末,20,M127,6x4,研磨-致密蓝铁,是
C276,M045,3x3,粉碎-蓝铁块,蓝铁粉末,20,M126,6x4,研磨-致密蓝铁,是
C277,M046,3x3,粉碎-蓝铁块,蓝铁粉末,20,M125,6x4,研磨-致密蓝铁,是
C278,M047,3x3,粉碎-蓝铁块,蓝铁粉末,20,M124,6x4,研磨-致密蓝铁,是
C279,M048,3x3,粉碎-蓝铁块,蓝铁粉末,20,M123,6x4,研磨-致密蓝铁,是
C280,M049,3x3,粉碎-蓝铁块,蓝铁粉末,20,M122,6x4,研磨-致密蓝铁,是
C281,M050,3x3,粉碎-蓝铁块,蓝铁粉末,20,M121,6x4,研磨-致密蓝铁,是
C282,M051,3x3,粉碎-蓝铁块,蓝铁粉末,20,M120,6x4,研磨-致密蓝铁,是
C283,M158,3x3,配件-钢制零件,钢制零件,20,M213,6x4,封装-电池,是
C284,M159,3x3,配件-钢制零件,钢制零件,20,M214,6x4,封装-电池,是
C285,M160,3x3,配件-钢制零件,钢制零件,20,M215,6x4,封装-电池,是
C286,M161,3x3,配件-钢制零件,钢制零件,20,M215,6x4,封装-电池,是
C287,M162,3x3,配件-钢制零件,钢制零件,20,M214,6x4,封装-电池,是
C288,M163,3x3,配件-钢制零件,钢制零件,20,M213,6x4,封装-电池,是
C289,M103,3x3,精炼-致密蓝铁,钢块,20,M152,3x3,塑形-钢质瓶,是
C290,M104,3x3,精炼-致密蓝铁,钢块,20,M153,3x3,塑形-钢质瓶,是
C291,M105,3x3,精炼-致密蓝铁,钢块,20,M154,3x3,塑形-钢质瓶,是
C292,M106,3x3,精炼-致密蓝铁,钢块,20,M155,3x3,塑形-钢质瓶,是
C293,M107,3x3,精炼-致密蓝铁,钢块,20,M156,3x3,塑形-钢质瓶,是
C294,M108,3x3,精炼-致密蓝铁,钢块,20,M156,3x3,塑形-钢质瓶,是
C295,M109,3x3,精炼-致密蓝铁,钢块,20,M155,3x3,塑形-钢质瓶,是
C296,M110,3x3,精炼-致密蓝铁,钢块,20,M154,3x3,塑形-钢质瓶,是
C297,M111,3x3,精炼-致密蓝铁,钢块,20,M153,3x3,塑形-钢质瓶,是
C298,M112,3x3,精炼-致密蓝铁,钢块,20,M152,3x3,塑形-钢质瓶,是
C299,M113,3x3,精炼-致密蓝铁,钢块,20,M157,3x3,塑形-钢质瓶,是
C300,M114,3x3,精炼-致密蓝铁,钢块,20,M158,3x3,配件-钢制零件,是
C301,M115,3x3,精炼-致密蓝铁,钢块,20,M159,3x3,配件-钢制零件,是
C302,M116,3x3,精炼-致密蓝铁,钢块,20,M160,3x3,配件-钢制零件,是
C303,M117,3x3,精炼-致密蓝铁,钢块,20,M161,3x3,配件-钢制零件,是
C304,M118,3x3,精炼-致密蓝铁,钢块,20,M162,3x3,配件-钢制零件,是
C305,M119,3x3,精炼-致密蓝铁,钢块,20,M163,3x3,配件-钢制零件,是
C306,M152,3x3,塑形-钢质瓶,钢质瓶,20,M216,6x4,灌装-胶囊,是
C307,M153,3x3,塑形-钢质瓶,钢质瓶,20,M217,6x4,灌装-胶囊,是
C308,M154,3x3,塑形-钢质瓶,钢质瓶,20,M218,6x4,灌装-胶囊,是
C309,M155,3x3,塑形-钢质瓶,钢质瓶,20,M217,6x4,灌装-胶囊,是
C310,M156,3x3,塑形-钢质瓶,钢质瓶,20,M216,6x4,灌装-胶囊,是
C311,M157,3x3,塑形-钢质瓶,钢质瓶,10,M218,6x4,灌装-胶囊,否
C312,M213,6x4,封装-电池,高容谷地电池,4,协议核心,,,否
C313,M214,6x4,封装-电池,高容谷地电池,4,协议核心,,,否
C314,M215,6x4,封装-电池,高容谷地电池,4,协议核心,,,否
